-- MySQL dump 10.13  Distrib 5.6.19, for debian-linux-gnu (x86_64)
--
-- Host: localhost    Database: digitalatlas
-- ------------------------------------------------------
-- Server version	5.6.19-0ubuntu0.14.04.1

/*!40101 SET @OLD_CHARACTER_SET_CLIENT=@@CHARACTER_SET_CLIENT */;
/*!40101 SET @OLD_CHARACTER_SET_RESULTS=@@CHARACTER_SET_RESULTS */;
/*!40101 SET @OLD_COLLATION_CONNECTION=@@COLLATION_CONNECTION */;
/*!40101 SET NAMES utf8 */;
/*!40103 SET @OLD_TIME_ZONE=@@TIME_ZONE */;
/*!40103 SET TIME_ZONE='+00:00' */;
/*!40014 SET @OLD_UNIQUE_CHECKS=@@UNIQUE_CHECKS, UNIQUE_CHECKS=0 */;
/*!40014 SET @OLD_FOREIGN_KEY_CHECKS=@@FOREIGN_KEY_CHECKS, FOREIGN_KEY_CHECKS=0 */;
/*!40101 SET @OLD_SQL_MODE=@@SQL_MODE, SQL_MODE='NO_AUTO_VALUE_ON_ZERO' */;
/*!40111 SET @OLD_SQL_NOTES=@@SQL_NOTES, SQL_NOTES=0 */;

--
-- Table structure for table `buyer_user_register`
--

DROP TABLE IF EXISTS `buyer_user_register`;
/*!40101 SET @saved_cs_client     = @@character_set_client */;
/*!40101 SET character_set_client = utf8 */;
CREATE TABLE `buyer_user_register` (
  `id` int(11) NOT NULL AUTO_INCREMENT,
  `buyerEmail` varchar(45) NOT NULL,
  `userEmail` varchar(45) NOT NULL,
  `sku` varchar(15) NOT NULL,
  `date_created` timestamp NOT NULL DEFAULT CURRENT_TIMESTAMP,
  PRIMARY KEY (`id`)
) ENGINE=InnoDB AUTO_INCREMENT=63 DEFAULT CHARSET=utf8;
/*!40101 SET character_set_client = @saved_cs_client */;

--
-- Dumping data for table `buyer_user_register`
--

LOCK TABLES `buyer_user_register` WRITE;
/*!40000 ALTER TABLE `buyer_user_register` DISABLE KEYS */;
INSERT INTO `buyer_user_register` VALUES (1,'heather.brogan@pearson.com','heather.brogan@pearson.com','9780636146693','2015-09-03 09:05:43'),(2,'sylvana.barthus@pearson.com','sylvana.barthus@pearson.com','9780636146693','2015-09-03 09:12:46'),(3,'jana.luther@pearson.com','jana.luther@pearson.com','9780636196698','2015-09-03 10:27:06'),(4,'nguni52@icloud.com','nguni52@icloud.com','9780636196681','2015-09-06 18:11:02'),(6,'veronica.napier@pearson.com','veronica.napier@pearson.com','9780636196681','2015-09-07 12:26:09'),(7,'nguni52@gmail.com','nguni52@gmail.com','9780636196704','2015-09-08 04:49:16'),(8,'nguni52@gmail.com','nguni52@gmail.com','9780636146693','2015-09-08 08:10:57'),(9,'heather.brogan@pearson.com','heather.brogan@pearson.com','9780636196704','2015-09-08 08:32:53'),(13,'ighsaan.robinson@pearson.com','ighsaan.robinson@pearson.com','9780636196681','2015-09-08 08:50:28'),(14,'ighsaan.robinson@pearson.com','ighsaan.robinson@pearson.com','9780636196704','2015-09-08 11:17:57'),(15,'seshni.naicker@pearson.com','seshni.naicker@pearson.com','9780636196698','2015-09-09 08:16:16'),(16,'cassandra.shaw@pearson.com','cassandra.shaw@pearson.com','9780636196681','2015-09-09 09:54:46'),(17,'heather.brogan@pearson.com','heather.brogan@pearson','9780636196681','2015-09-10 11:32:13'),(18,'jlanser@bishops.org.za','millenniumigy@gmail.com','9780636196681','2015-09-11 14:43:19'),(19,'jlanser@bishops.org.za','jlanser@bishops.org.za','9780636196681','2015-09-11 14:52:27'),(20,'jlanser@bishops.org.za','jlanser@bishops.org.za','9780636196698','2015-09-14 08:51:04'),(21,'ngerhardi@bishops.org.za','ngerhardi@bishops.org.za','9780636196681','2015-09-14 10:01:54'),(22,'heather.brogan@pearson.com','carrd@stcyprians.co.za','9780636196698','2015-09-22 08:22:05'),(23,'koketso.seloane@pearson.com','koketso.seloane@pearson.com','9780636146693','2015-09-27 19:27:09'),(24,'pemlah.tlhong@pearson.com','pemlah.tlhong@pearson.com','9780636146693','2015-09-29 12:13:51'),(25,'happy.thokwane@pearson.com','happy.thokwane@pearson.com','9780636146693','2015-09-29 12:14:30'),(26,'tutu.zwane@pearson.com','tutu.zwane@pearson.com','9780636146693','2015-09-29 12:16:50'),(27,'ester.sarlie@pearson.com','ester.sarlie@pearson.com','9780636146693','2015-09-29 12:19:55'),(28,'john.mahlangu@pearson.com','John.Mahlangu@pearson.com','9780636146693','2015-09-29 12:24:02'),(29,'palesa.motlhabane@pearson.com','palesa.motlhabane@pearson.com','9780636146693','2015-09-29 12:25:02'),(30,'koketso.seloane@pearson.com','Roseline.Mbuli@pearson.com','9780636146693','2015-09-29 12:25:42'),(31,'richard.norman2@pearson.com','richard.norman2@pearson.com','9780636146693','2015-09-30 11:05:49'),(32,'John.Mahlangu@pearson.com','John.Mahlangu@pearson.com','9780636196704','2015-10-01 02:35:47'),(33,'pemlah.tlhong@pearson.com','pemlah.tlhong@pearson.com','9780636196704','2015-10-01 02:35:47'),(34,'palesa.motlhabane@pearson.com','palesa.motlhabane@pearson.com','9780636196704','2015-10-01 02:35:47'),(35,'koketso.seloane@pearson.com','koketso.seloane@pearson.com','9780636196704','2015-10-01 02:35:47'),(36,'ester.sarlie@pearson.com','ester.sarlie@pearson.com','9780636196704','2015-10-01 02:35:47'),(37,'happy.thokwane@pearson.com','happy.thokwane@pearson.com','9780636196704','2015-10-01 02:35:47'),(38,'tutu.zwane@pearson.com','tutu.zwane@pearson.com','9780636196704','2015-10-01 02:35:47'),(39,'Roseline.Mbuli@pearson.com','Roseline.Mbuli@pearson.com','9780636196704','2015-10-01 02:35:47'),(40,'richard.norman2@pearson.com','richard.norman2@pearson.com','9780636196704','2015-10-01 02:35:47'),(41,'nguni52@icloud.com','nguni52@icloud.com','9780636196704','2015-10-01 04:39:58'),(42,'anusia.naicker@pearson.com','anusia.naicker@pearson.com','9780636146693','2015-10-01 10:06:51'),(43,'gaynor.higgs@pearson.com','Gaynor.higgs@pearson.com','9780636146693','2015-10-01 11:19:37'),(44,'thando.thomas@pearson.com','thando.thomas@pearson.com','9780636146693','2015-10-01 12:50:48'),(45,'elizna.hanekom@pearson.com','elizna.hanekom@pearson.com','9780636146693','2015-10-01 13:13:19'),(46,'thando.thomas@pearson.com','sinethemba.mhlonto@pearson.com','9780636146693','2015-10-01 14:15:27'),(47,'ondluhlanga.rubushe@pearson.com','ondluhlanga.rubushe@pearson.com','9780636146693','2015-10-01 14:30:25'),(48,'thando.thomas@pearson.com','siviwe.nkomo@pearson.com','9780636146693','2015-10-02 07:53:03'),(49,'richard.norman2@pearson.com','esterolene.brink@person.com','9780636146693','2015-10-02 08:52:39'),(50,'richard.norman2@pearson.com','estrolene.brink@pearson.com','9780636146693','2015-10-02 09:05:59'),(51,'richard.norman2@pearson.com','mbali.mbatha@pearson.com','9780636146693','2015-10-02 10:55:20'),(52,'richard.norman2@pearson.com','shirley.bendile@pearson.com','9780636146693','2015-10-02 12:34:08'),(53,'richard.norman2@pearson.com','reyhaad.abrahams@pearson.com','9780636146693','2015-10-05 07:13:20'),(54,'richard.norman2@pearson.com','rowena.abrahams@pearson.com','9780636146693','2015-10-05 08:38:45'),(55,'richard.norman2@pearson.com','anthea.branders@pearson.com','9780636146693','2015-10-05 12:15:54'),(56,'richard.norman2@pearson.com','thandie.somzana@pearson.com','9780636146693','2015-10-05 12:21:26'),(57,'thando.thomas@pearson.com','vuyokazi.nkamisa@pearson.com','9780636146693','2015-10-05 12:22:34'),(58,'thando.thomas@pearson.com','sydney.nquma@pearson.com','9780636146693','2015-10-05 12:24:15'),(59,'richard.norman2@pearson.com','martha.monnye@gmail.com','9780636146693','2015-10-05 14:32:10'),(60,'richard.norman2@pearson.com','nandipha.mbanga@pearson.com','9780636146693','2015-10-05 15:44:30'),(61,'richard.norman2@pearson.com','ondluhlanga.rubshe@pearson.com','9780636146693','2015-10-05 20:48:45'),(62,'richard.norman2@pearson.com','ben.ndaba@pearson.com','9780636146693','2015-10-06 07:25:18');
/*!40000 ALTER TABLE `buyer_user_register` ENABLE KEYS */;
UNLOCK TABLES;

--
-- Table structure for table `category`
--

DROP TABLE IF EXISTS `category`;
/*!40101 SET @saved_cs_client     = @@character_set_client */;
/*!40101 SET character_set_client = utf8 */;
CREATE TABLE `category` (
  `id` int(11) NOT NULL AUTO_INCREMENT,
  `category` varchar(45) NOT NULL,
  PRIMARY KEY (`id`)
) ENGINE=InnoDB AUTO_INCREMENT=3 DEFAULT CHARSET=utf8;
/*!40101 SET character_set_client = @saved_cs_client */;

--
-- Dumping data for table `category`
--

LOCK TABLES `category` WRITE;
/*!40000 ALTER TABLE `category` DISABLE KEYS */;
INSERT INTO `category` VALUES (1,'ePub'),(2,'Skill');
/*!40000 ALTER TABLE `category` ENABLE KEYS */;
UNLOCK TABLES;

--
-- Table structure for table `da_order`
--

DROP TABLE IF EXISTS `da_order`;
/*!40101 SET @saved_cs_client     = @@character_set_client */;
/*!40101 SET character_set_client = utf8 */;
CREATE TABLE `da_order` (
  `id` int(11) NOT NULL AUTO_INCREMENT,
  `email` varchar(45) NOT NULL,
  `order_id` varchar(45) NOT NULL,
  `sku` varchar(15) NOT NULL,
  `quantity_ordered` int(11) NOT NULL,
  `date_created` timestamp NOT NULL DEFAULT CURRENT_TIMESTAMP,
  `firstname` varchar(25) DEFAULT NULL,
  `lastname` varchar(25) DEFAULT NULL,
  `emailSent` varchar(6) DEFAULT 'false',
  PRIMARY KEY (`id`)
) ENGINE=InnoDB AUTO_INCREMENT=69 DEFAULT CHARSET=utf8;
/*!40101 SET character_set_client = @saved_cs_client */;

--
-- Dumping data for table `da_order`
--

LOCK TABLES `da_order` WRITE;
/*!40000 ALTER TABLE `da_order` DISABLE KEYS */;
INSERT INTO `da_order` VALUES (1,'elize.mehl@pearson.com','100003101','9780636196704',1,'2015-08-27 11:05:46',NULL,NULL,'true'),(2,'jana.luther@pearson.com','100003119','9780636196698',1,'2015-09-02 10:15:51',NULL,NULL,'true'),(3,'Sarah.doubell@pearson.com','100003124','9780636196681',1,'2015-09-03 12:53:16',NULL,NULL,'true'),(4,'nguni.phakela@pearson.com','100003125','9780636196681',1,'2015-09-06 16:12:25',NULL,NULL,'true'),(14,'nguni52@icloud.com','100003128','9780636196681',1,'2015-09-06 21:01:28',NULL,NULL,'true'),(15,'veronica.napier@pearson.com','100003135','9780636196681',1,'2015-09-07 12:23:52',NULL,NULL,'true'),(16,'nguni52@gmail.com','100003102','9780636196704',1,'2015-09-08 04:42:23','','','true'),(17,'ighsaan.robinson@pearson.com','100003103','9780636196681',1,'2015-09-08 08:43:43','','','true'),(18,'seshni.naicker@pearson.com','100003138','9780636196698',1,'2015-09-09 08:10:15',NULL,NULL,'true'),(19,'cassandra.shaw@pearson.com','100003140','9780636196681',1,'2015-09-09 09:52:49',NULL,NULL,'true'),(20,'heather.brogan@pearson.com','100003144','9780636196681',1,'2015-09-10 11:28:09',NULL,NULL,'true'),(21,'jlanser@bishops.org.za','100003148','9780636196681',1,'2015-09-11 10:00:11',NULL,NULL,'true'),(23,'millenniumigy@gmail.com','100003104','9780636196681',1,'2015-09-11 14:36:59',NULL,NULL,'true'),(24,'jlanser@bishops.org.za','100003152','9780636196698',1,'2015-09-12 17:02:56',NULL,NULL,'true'),(25,'ngerhardi@bishops.org.za','100003156','9780636196681',1,'2015-09-14 09:35:13',NULL,NULL,'true'),(26,'veronica.napier@pearson.com','10001','9780636146693',1,'2015-09-17 03:15:17','Veronica','Napier','true'),(27,'tania.coetzee@pearson.com','10001','9780636146693',1,'2015-09-17 03:15:17','Tania','Coetzee','true'),(28,'michelle.reynolds@pearson.com','10001','9780636146693',1,'2015-09-17 03:15:17','Michelle','Reynolds','true'),(29,'natasha.reeler@pearson.com','10001','9780636146693',1,'2015-09-17 03:15:17','Natasha','Reeler','true'),(30,'frances.geddie@pearson.com','10001','9780636146693',1,'2015-09-17 03:15:17','Frances','Geddie','true'),(31,'ianthe.norton@pearson.com','10001','9780636146693',1,'2015-09-17 03:15:17','Ianthe','Norton','true'),(32,'nicolet.durandt@pearson.com','10001','9780636146693',1,'2015-09-17 03:15:17','Nicolet','du Randt','true'),(33,'gaynor.higgs@pearson.com','10001','9780636146693',1,'2015-09-17 03:15:17','Gaynor','Higgs','true'),(34,'zolile.mgijima@pearson.com','10001','9780636146693',1,'2015-09-17 03:15:17','Zoliile','Mgijima','true'),(35,'rowena.abrahams@pearson.com','10001','9780636146693',1,'2015-09-17 03:15:17','Rowena','Abrahams','true'),(36,'reyhaad.abrahams@pearson.com','10001','9780636146693',1,'2015-09-17 03:15:17','Reyhaad','Abrahams','true'),(37,'tazneem.decock@pearson.com','10001','9780636146693',1,'2015-09-17 03:15:17','Tazneen','Decock','true'),(38,'elizna.hanekom@pearson.com','10001','9780636146693',1,'2015-09-17 03:15:17','Elizna','Hanekom','true'),(39,'ondluhlanga.rubushe@pearson.com','10001','9780636146693',1,'2015-09-17 03:15:17','Ondluhlanga','Rubushe','true'),(40,'sinethemba.mhlonto@pearson.com','10001','9780636146693',1,'2015-09-17 03:15:17','Sinethemba','Mlonto','true'),(41,'thando.thomas@pearson.com','10001','9780636146693',1,'2015-09-17 03:15:17','Thando','Thomas','true'),(42,'nitesh.ramlagan@pearson.com','10001','9780636146693',1,'2015-09-17 03:15:17','Nitesh','Ramlagan','true'),(43,'farouk.bobat@pearson.com','10001','9780636146693',1,'2015-09-17 03:15:17','Farouk','Bobat','true'),(44,'roscoe.concer@pearson.com','10001','9780636146693',1,'2015-09-17 03:15:17','Roscoe','Concer','true'),(45,'ben.ndaba@pearson.com','10001','9780636146693',1,'2015-09-17 03:15:17','Ben','Ndaba','true'),(46,'anusia.naicker@pearson.com','10001','9780636146693',1,'2015-09-17 03:15:17','Anusia','Naicker','true'),(47,'john.mahlangu@pearson.com','10001','9780636146693',1,'2015-09-17 03:15:17','John','Mahlangu','true'),(48,'happy.thokwane@pearson.com','10001','9780636146693',1,'2015-09-17 03:15:17','Happy','Thokwane','true'),(49,'palesa.motlhabane@pearson.com','10001','9780636146693',1,'2015-09-17 03:15:17','Palesa','Motlhabane','true'),(50,'tutu.zwane@pearson.com','10001','9780636146693',1,'2015-09-17 03:15:17','Tutu','Zwane','true'),(51,'pemlah.tlhong@pearson.com','10001','9780636146693',1,'2015-09-17 03:15:17','Pemlah','Tlhong','true'),(52,'ester.sarlie@pearson.com','10001','9780636146693',1,'2015-09-17 03:15:17','Ester','Sarlie','true'),(53,'koketso.seloane@pearson.com','10001','9780636146693',1,'2015-09-17 03:15:17','Koketso','Seloane','true'),(54,'mbali.mbatha@pearson.com','10001','9780636146693',1,'2015-09-17 03:15:17','Mbali','Mbatha','true'),(55,'ndileka.pohlwana@pearson.com','10001','9780636146693',1,'2015-09-17 03:15:17','Ndileka','Pohlwana','true'),(56,'billy.malele@pearson.com','10001','9780636146693',1,'2015-09-17 03:15:17','Billy','Malele','true'),(57,'ngaka.kekana@pearson.com','10001','9780636146693',1,'2015-09-17 03:15:17','Ngaka','Kekana','true'),(58,'godfrey.maphutha@pearson.com','10001','9780636146693',1,'2015-09-17 03:15:17','Godfrey','Maphuthu','true'),(59,'donald.bojang@pearson.com','10001','9780636146693',1,'2015-09-17 03:15:17','Donald','Bojang','true'),(60,'edwin.madisha@pearson.com','10001','9780636146693',1,'2015-09-17 03:15:17','Edwin','Madisha','true'),(61,'reggie.mokotsi@pearson.com','10001','9780636146693',1,'2015-09-17 03:15:17','Reggie','Mokotsi','true'),(62,'heather.brogan@pearson.com','100003164','9780636196698',1,'2015-09-22 08:06:26',NULL,NULL,'true'),(63,'heather.brogan@pearson.com','100003176','9780636196681',1,'2015-09-29 06:13:41',NULL,NULL,'true'),(64,'heather.brogan@pearson.com','100003177','9780636196681',1,'2015-09-29 06:16:39',NULL,NULL,'true'),(65,'heather.brogan@pearson.com','100003178','9780636196681',1,'2015-09-29 06:19:15',NULL,NULL,'true'),(66,'heather.brogan@pearson.com','100003179','9780636196681',1,'2015-09-29 06:22:28',NULL,NULL,'true'),(67,'heather.brogan@pearson.com','100003180','9780636196681',1,'2015-09-29 06:24:44',NULL,NULL,'true'),(68,'richard.norman2@pearson.com','10003','9780636146693',1,'2015-09-29 09:36:05','Richard','Norman','true');
/*!40000 ALTER TABLE `da_order` ENABLE KEYS */;
UNLOCK TABLES;

--
-- Table structure for table `da_resource`
--

DROP TABLE IF EXISTS `da_resource`;
/*!40101 SET @saved_cs_client     = @@character_set_client */;
/*!40101 SET character_set_client = utf8 */;
CREATE TABLE `da_resource` (
  `id` int(11) NOT NULL AUTO_INCREMENT,
  `grade` int(2) DEFAULT NULL,
  `skillid` varchar(10) NOT NULL,
  `resources` varchar(13) DEFAULT NULL,
  `thumbnail` varchar(50) DEFAULT NULL,
  `filename` varchar(50) DEFAULT NULL,
  `displayname` varchar(225) DEFAULT NULL,
  `resource_category_id` int(11) NOT NULL,
  PRIMARY KEY (`id`)
) ENGINE=InnoDB AUTO_INCREMENT=421 DEFAULT CHARSET=utf8;
/*!40101 SET character_set_client = @saved_cs_client */;

--
-- Dumping data for table `da_resource`
--

LOCK TABLES `da_resource` WRITE;
/*!40000 ALTER TABLE `da_resource` DISABLE KEYS */;
INSERT INTO `da_resource` VALUES (1,10,'A10_001','A10_001_R414','A10_001_R414_ExtAtlIndx_atl_thumb.png','A10_001_R414_ExtAtlIndx_atl.png','Extract from atlas index',6),(2,10,'A10_001','A10_001_R122','A10_001_R122_APhBAndW_atl_thumb.png','A10_001_R122_APhBAndW_atl.png','Africa Physical map, black and white',6),(3,10,'A10_001','A10_001_R123','A10_001_R123_APhBWMemo_atl_thumb.png','A10_001_R123_APhBWMemo_atl.png','Africa Physical map, black and white &#8211, memo',6),(4,10,'A10_002','A10_002_R415','A10_002_R415_ClmRgnOcn_atl_thumb.png','A10_002_R415_ClmRgnOcn_atl.png','Climactic Regions and Ocean Currents',6),(5,10,'A10_002','A10_002_R416','A10_002_R416_TPJanJul_atl_thumb.png','A10_002_R416_TPJanJul_atl.png','Temperature and Pressure: January and July',6),(6,10,'A10_002','A10_002_R417','A10_002_R417_AnRfl_atl_thumb.png','A10_002_R417_AnRfl_atl.png','Annual Rainfall',6),(7,10,'A10_003','A10_003_R418','A10_003_R418_ClmGraphs_atl_thumb.png','A10_003_R418_ClmGraphs_atl.png','Climate graphs',6),(8,10,'A10_004','A10_004_R419','A10_004_R419_PltEqkVlcM_atl_thumb.png','A10_004_R419_PltEqkVlcM_atl.png','Plate boundaries, earthquakes and volcanoes map',6),(9,10,'A10_004','A10_004_R420','A10_004_R420_EqkVlcTbls_atl_thumb.png','A10_004_R420_EqkVlcTbls_atl.png','Major earthquakes and volcanic eruptions tables',6),(10,10,'A10_005','A10_005_R124','A10_005_R124_PopPyrmds_atl_thumb.png','A10_005_R124_PopPyrmds_atl.png','Population pyramids',6),(11,10,'A10_005','A10_005_R125','A10_005_R125_PopCntrs11_atl_thumb.png','A10_005_R125_PopCntrs11_atl.png','Table: Largest countries by population, 2011',6),(12,10,'A10_005','A10_005_R126','A10_005_R126_UrbPopM_atl_thumb.png','A10_005_R126_UrbPopM_atl.png','Urban population map',6),(13,10,'A10_006','A10_006_R127','A10_006_R127_SAPh_atl_thumb.png','A10_006_R127_SAPh_atl.png','South Africa Physical',6),(14,10,'A10_006','A10_006_R128','A10_006_R128_AnRfl_atl_thumb.png','A10_006_R128_AnRfl_atl.png','Annual Rainfall',6),(15,10,'A10_006','A10_006_R129','A10_006_R129_LvstckFarm_atl_thumb.png','A10_006_R129_LvstckFarm_atl.png','Livestock Farming and Fishing',6),(16,10,'G10_001','G10_001_R195','G10_001_R195_GISPrts_gis_thumb.png','G10_001_R195_GISPrts_gis.png','Parts of a GIS',8),(17,10,'G10_001','G10_001_R195','G10_001_R195_GISPrts_gis_thumb.png','G10_001_R195_GISPrts_gis.png','Parts of a GIS',8),(18,10,'G10_002','G10_002_R196','G10_002_R196_GISUsrs_gen_thumb.png','G10_002_R196_GISUsrs_gen.png','Users of GIS',7),(19,10,'G10_002','G10_002_R196','G10_002_R196_GISUsrs_gen_thumb.png','G10_002_R196_GISUsrs_gen.png','Users of GIS',7),(20,10,'G10_002','G10_002_R197','G10_002_R197_MainSeaRts_atl_thumb.png','G10_002_R197_MainSeaRts_atl.png','Main Sea Routes and Container Ports',6),(21,10,'G10_002','G10_002_R198','G10_002_R198_SAPopDen_atl_thumb.png','G10_002_R198_SAPopDen_atl.png','South Africa Population, Distribution and Density ',6),(22,10,'G10_002','G10_002_R199','G10_002_R199_AgrForFish_atl_thumb.png','G10_002_R199_AgrForFish_atl.png','Agriculture, Forestry and Fishing ',6),(23,10,'G10_002','G10_002_R061','G10_002_R061_WitsMRoads_atl_thumb.png','G10_002_R061_WitsMRoads_atl.png','Witwatersrand map showing roads',6),(24,10,'G10_002','G10_002_R251','G10_002_R251_SAMinerals_atl_thumb.png','G10_002_R251_SAMinerals_atl.png','South Africa Minerals ',6),(25,10,'G10_003','G10_003_R259','G10_003_R259_CnstnSats_gis_thumb.png','G10_003_R259_CnstnSats_gis.png','Constellation of satellites',8),(26,10,'G10_003','G10_003_R503','G10_003_R503_SatsOrbE_ani_thumb.png','G10_003_R503_SatsOrbE_ani.mp4','Satellites orbiting the Earth',5),(27,10,'G10_003','G10_003_R252','G10_003_R252_Satellite_pho_thumb.png','G10_003_R252_Satellite_pho.png','Satellite',9),(28,10,'G10_003','G10_003_R253','G10_003_R253_GrndUplkSt_pho_thumb.png','G10_003_R253_GrndUplkSt_pho.png','Ground uplink station',9),(29,10,'G10_003','G10_003_R254','G10_003_R254_HndHldGPS_pho_thumb.png','G10_003_R254_HndHldGPS_pho.png','Hand held GPS device',9),(30,10,'G10_003','G10_003_R255','G10_003_R255_LndSrvyGPS_pho_thumb.png','G10_003_R255_LndSrvyGPS_pho.png','Land surveying GPS device',9),(31,10,'G10_003','G10_003_R256','G10_003_R256_SmrtPhnGPS_pho_thumb.png','G10_003_R256_SmrtPhnGPS_pho.png','Smart phone using GPS',9),(32,10,'G10_003','G10_003_R257','G10_003_R257_ArplnNavSys_pho_thumb.png','G10_003_R257_ArplnNavSys_pho.png','Aeroplane navigation system',9),(33,10,'G10_003','G10_003_R258','G10_003_R258_CarNavSys_pho_thumb.png','G10_003_R258_CarNavSys_pho.png','Car navigation system',9),(34,10,'G10_003','G10_003_R260','G10_003_R260_ShpTrckDev_pho_thumb.png','G10_003_R260_ShpTrckDev_pho.png','Ship with tracking devices',9),(35,10,'G10_003','G10_003_R261','G10_003_R261_AirTransp_atl_thumb.png','G10_003_R261_AirTransp_atl.png','Air transport',6),(36,10,'G10_003','G10_003_R197','G10_003_R197_MainSeaRts_atl_thumb.png','G10_003_R197_MainSeaRts_atl.png','Main Sea Routes and Container Ports',6),(37,10,'G10_004','G10_004_R515','G10_004_R515_DataLayers_ani_thumb.png','G10_004_R515_DataLayers_ani.mp4','Data layers',5),(38,10,'G10_004','G10_004_R514','G10_004_R514_DgwdLyrs_gen_thumb.png','G10_004_R514_DgwdLyrs_gen.png','Dagwood data layers',7),(39,10,'G10_004','G10_004_R065','G10_004_R065_SAPh_atl_thumb.png','G10_004_R065_SAPh_atl.png','South Africa Physical',6),(40,10,'G10_004','G10_004_R251','G10_004_R251_SAMinerals_atl_thumb.png','G10_004_R251_SAMinerals_atl.png','South Africa Mining ',6),(41,10,'G10_004','G10_004_R262','G10_004_R262_BrbrtnTopM_top_thumb.png','G10_004_R262_BrbrtnTopM_top.png','Barberton 2531CC ',1),(43,10,'G10_06','G10_006_R266','G10_006_R266_TpsRmtSnsr_gis_thumb.png','G10_006_R266_TpsRmtSnsr_gis.png','Types of remote sensors',8),(44,10,'G10_006','G10_006_R266','G10_006_R266_TpsRmtSnsr_gis_thumb.png','G10_006_R266_TpsRmtSnsr_gis.png','Types of remote sensors',8),(45,10,'G10_006','G10_006_R267','G10_006_R267_CompsRmtSns_gis_thumb.png','G10_006_R267_CompsRmtSns_gis.png','Components of remote sensing',8),(46,10,'G10_007','G10_007_R268','G10_007_R268_TpsRmtSns_gis_thumb.png','G10_007_R268_TpsRmtSns_gis.png','Types of remote sensing',8),(47,10,'G10_007','G10_007_R268','G10_007_R268_TpsRmtSns_gis_thumb.png','G10_007_R268_TpsRmtSns_gis.png','Types of remote sensing',8),(48,10,'G10_008','G10_008_R269','G10_008_R269_VecRstData_gis_thumb.png','G10_008_R269_VecRstData_gis.png','Vector or raster data',8),(49,10,'G10_009','G10_009_R271','G10_009_R271_IntDtLyrs_gis_thumb.png','G10_009_R271_IntDtLyrs_gis.png','Integration of data layers ',8),(50,10,'G10_009','G10_009_R052','G10_009_R052_MPMap_atl_thumb.png','G10_009_R052_MPMap_atl.png','Mpumalanga map',6),(51,10,'G10_009','G10_009_R262','G10_009_R262_BrbrtnTopM_top_thumb.png','G10_009_R262_BrbrtnTopM_top.png','Barberton 2531CC ',1),(52,10,'G10_009','G10_009_R270','G10_009_R270_SAClimate_atl_thumb.png','G10_009_R270_SAClimate_atl.png','South Africa Climate ',6),(53,10,'G10_010','G10_010_R264','G10_010_R264_RmtSnsCC_gis_thumb.png','G10_010_R264_RmtSnsCC_gis.png','Remote sensing and climate change',8),(54,10,'G10_010','G10_010_R272','G10_010_R272_WClmChGWrm_atl_thumb.png','G10_010_R272_WClmChGWrm_atl.png','World Climate Change and Global Warming',6),(55,10,'G10_010','G10_010_R273','G10_010_R273_CCVIndex10_atl_thumb.png','G10_010_R273_CCVIndex10_atl.png','Climate Change Vulnerability Index, 2010 ',6),(56,10,'G10_010','G10_010_R274','G10_010_R274_CO2Emis07_atl_thumb.png','G10_010_R274_CO2Emis07_atl.png','Carbon Dioxide Emissions, 2007',6),(57,10,'M10_001','M10_001_R003','M10_001_R003_PtaTopMEx_top_thumb.png','M10_001_R003_PtaTopMEx_top.png','Pretoria 2528CA topographic map extract ',1),(58,10,'M10_001','M10_001_R102','M10_001_R102_SAAlphGrid_gen_thumb.png','M10_001_R102_SAAlphGrid_gen.png','SA with alphanumeric grid',7),(59,10,'M10_001','M10_001_R001','M10_001_R001_SAPol_atl_thumb.png','M10_001_R001_SAPol_atl.png','South Africa Political ',6),(60,10,'M10_001','M10_001_R002','M10_001_R002_Gauteng_atl_thumb.png','M10_001_R002_Gauteng_atl.png','Gauteng',6),(61,10,'M10_001','M10_001_R003','M10_001_R003_PtaTopMEx_top_thumb.png','M10_001_R003_PtaTopMEx_top.png','Pretoria 2528CA topographic map extract ',1),(62,10,'M10_002','M10_002_R103','M10_002_R103_MdlAeropln_pho_thumb.png','M10_002_R103_MdlAeropln_pho.png','Image of model aeroplane',7),(63,10,'M10_002','M10_002_R220','M10_002_R220_MSclImg_atl_thumb.png','M10_002_R220_MSclImg_atl.png','Map scale image',6),(64,10,'M10_002','M10_002_R413','M10_002_R413_SmplSchlM_atl_thumb.png','M10_002_R413_SmplSchlM_atl.png','Simple school map',7),(65,10,'M10_002','M10_002_R002','M10_002_R002_Gauteng_atl_thumb.png','M10_002_R002_Gauteng_atl.png','Gauteng provincial map',6),(66,10,'M10_002','M10_002_R004','M10_002_R004_WitsLndUse_atl_thumb.png','M10_002_R004_WitsLndUse_atl.png','Witwatersrand Land Use',6),(67,10,'M10_002','M10_002_R005','M10_002_R005_JbgTopMEx_top_thumb.png','M10_002_R005_JbgTopMEx_top.png','Extract 2628AA Johannesburg',1),(68,10,'M10_002','M10_002_R006','M10_002_R006_JbgCBDStM_atl_thumb.png','M10_002_R006_JbgCBDStM_atl.png','Johannesburg Central Business District Street Map',6),(69,10,'M10_003','M10_003_R006','M10_003_R006_JbgCBDStM_atl_thumb.png','M10_003_R006_JbgCBDStM_atl.png','Johannesburg CBD Street Map',6),(70,10,'M10_003','M10_003_R501','M10_003_R501_MsrngDstMS_ani_thumb.png','M10_003_R501_MsrngDstMS_ani.mp4','Measuring distance using the map scale',5),(71,10,'M10_003','M10_003_R006','M10_003_R006_JbgCBDStM_atl_thumb.png','M10_003_R006_JbgCBDStM_atl.png','Johannesburg CBD Street Map',6),(72,10,'M10_003','M10_003_R002','M10_003_R002_Gauteng_atl_thumb.png','M10_003_R002_Gauteng_atl.png','Gauteng',6),(73,10,'M10_003','M10_003_R001','M10_003_R001_SAPol_atl_thumb.png','M10_003_R001_SAPol_atl.png','South Africa Political ',6),(74,10,'M10_003','M10_003_R007','M10_003_R007_APol_atl_thumb.png','M10_003_R007_APol_atl.png','Africa Political',6),(75,10,'M10_004','M10_004_R008','M10_004_R008_MrsbrgTMEx_top_thumb.png','M10_004_R008_MrsbrgTMEx_top.png','Extract 3318BA Moorreesburg',1),(76,10,'M10_004','M10_004_R009','M10_004_R009_ SALatLong_gen_thumb.png','M10_004_R009_ SALatLong_gen.png','SA map with latitude and longitude',7),(77,10,'M10_004','M10_004_R010','M10_004_R010_Block3318_gen_thumb.png','M10_004_R010_Block3318_gen.png','Zoomed in image of block 3318',7),(78,10,'M10_004','M10_004_R011','M10_004_R011_Block3318B_gen_thumb.png','M10_004_R011_Block3318B_gen.png','Zoomed in image of block 3318B',7),(79,10,'M10_004','M10_004_R012','M10_004_R012_SATMIndxEx_gen_thumb.png','M10_004_R012_SATMIndxEx_gen.png','Extract from SA topographic map index',7),(80,10,'M10_004','M10_004_R013','M10_004_R013_SATMIndxEx_gen_thumb.png','M10_004_R013_SATMIndxEx_gen.png','SA topographic map index extract',7),(81,10,'M10_004','M10_004_R502','M10_004_R502_MRefNmbrs_ani_thumb.png','M10_004_R502_MRefNmbrs_ani.mp4','Determining map reference numbers',5),(82,10,'M10_005','M10_005_R014','M10_005_R014_MapKey_atl_thumb.png','M10_005_R014_MapKey_atl.png','Map key ',6),(83,10,'M10_005','M10_005_R107','M10_005_R107_WCProvMKey_atl_thumb.png','M10_005_R107_WCProvMKey_atl.png','Western Cape provincial map and key',6),(84,10,'M10_006','M10_006_R108','M10_006_R108_EnlgTopMEx_top_thumb.png','M10_006_R108_EnlgTopMEx_top.png','Enlarged topographic map extract',1),(85,10,'M10_006','M10_006_R015','M10_006_R015_ConvSgns_top_thumb.png','M10_006_R015_ConvSgns_top.png','Conventional signs',1),(86,10,'M10_006','M10_006_R016','M10_006_R016_EbrgBAndW_top_thumb.png','M10_006_R016_EbrgBAndW_top.png','Edenburg 2925DB topographic map extract, black and white',1),(87,10,'M10_006','M10_006_R017','M10_006_R017_EbrgTMMemo_top_thumb.png','M10_006_R017_EbrgTMMemo_top.png','Edenburg 2925DB topographic map extract, black and white &#8211, memo',1),(88,10,'M10_006','M10_006_R018','M10_006_R018_EbrgTMEx_top_thumb.png','M10_006_R018_EbrgTMEx_top.png','Edenburg 2925DB topographic map extract ',1),(89,10,'M10_007','M10_007_R110','M10_007_R110_16PntComp_atl_thumb.png','M10_007_R110_16PntComp_atl.png','16-point compass',6),(90,10,'M10_007','M10_007_R109','M10_007_R109_StreetMap_gen_thumb.png','M10_007_R109_StreetMap_gen.png','Simple street map ',7),(91,10,'M10_007','M10_007_R006','M10_007_R006_JbgCBDStM_atl_thumb.png','M10_007_R006_JbgCBDStM_atl.png','Johannesburg CBD Street Map',6),(92,10,'M10_007','M10_007_R019','M10_007_R019_JbgCBDHghl_atl_thumb.png','M10_007_R019_JbgCBDHghl_atl.png','Johannesburg CBD Street Map with walking route highlighted',6),(93,10,'M10_008','M10_008_R020','M10_008_R020_DrctnBrng_gen_thumb.png','M10_008_R020_DrctnBrng_gen.png','Sketch of direction and bearing between Point A and Point B',7),(94,10,'M10_008','M10_008_R021','M10_008_R021_CompWthDgr_gen_thumb.png','M10_008_R021_CompWthDgr_gen.png','Compass points with corresponding degree values ',7),(95,10,'M10_008','M10_008_R022','M10_008_R022_BearingAni_ani_thumb.png','M10_008_R022_BearingAni_ani.mp4','Bearing animation',5),(96,10,'M10_008','M10_008_R023A','M10_008_R023A_DsrtBiome_atl_thumb.png','M10_008_R023A_DsrtBiome_atl.png','Desert biome ',6),(97,10,'M10_008','M10_008_R023B','M10_008_R023B_MagnComp_atl_thumb.png','M10_008_R023B_MagnComp_atl.png','Magnetic compass',6),(98,10,'M10_008','M10_008_R006','M10_008_R006_JbgCBDStM_atl_thumb.png','M10_008_R006_JbgCBDStM_atl.png','Johannesburg CBD Street Map',6),(99,10,'M10_009','M10_009_R024','M10_009_R024_FreeState_atl_thumb.png','M10_009_R024_FreeState_atl.png','Free State ',6),(100,10,'M10_009','M10_009_R025','M10_009_R025_EbrgTMEx_top_thumb.png','M10_009_R025_EbrgTMEx_top.png','Edenburg 2925DB topographic map extract',1),(101,10,'M10_010','M10_010_R026B','M10_010_R026B_MrsbrgTopM_top_thumb.png','M10_010_R026B_MrsbrgTopM_top.pdf','Moorreesburg 3318BA',1),(102,10,'M10_010','M10_010_R026A','M10_010_R026A_MrsbrgTopM_top_thumb.png','M10_010_R026A_MrsbrgTopM_top.png','Moorreesburg 3318BA',1),(103,10,'M10_011','M10_011_R027','M10_011_R027_PtaTopMEx_top_thumb.png','M10_011_R027_PtaTopMEx_top.png','Pretoria 2528CA topographic map extract',1),(104,10,'M10_011','M10_011_R028','M10_011_R028_PtaTopMEx_top_thumb.png','M10_011_R028_PtaTopMEx_top.png','Pretoria 2528CA topographic map extract',1),(105,10,'M10_012','M10_012_R029','M10_012_R029_ConLnSktch_gen_thumb.png','M10_012_R029_ConLnSktch_gen.png','Contour line sketch',7),(106,10,'M10_012','M10_012_R038','M10_012_R038_EvnGntlSlp_pho_thumb.png','M10_012_R038_EnvGntlSlp_pho.png','Even, gentle slope',9),(107,10,'M10_012','M10_012_R039','M10_012_R039_VeryStpSlp_pho_thumb.png','M10_012_R039_VeryStpSlp_pho.png','Very steep slope',9),(108,10,'M10_012','M10_012_R040','M10_012_R040_MshrmRck_pho_thumb.png','M10_012_R040_MshrmRck_pho.png','Mushroom Rock',9),(109,10,'M10_012','M10_012_R041','M10_012_R041_SwrtbgMnts_pho_thumb.png','M10_012_R041_SwrtbgMnts_pho.png','Swartberg mountains',9),(110,10,'M10_012','M10_012_R042A','M10_012_R042A_CntrsABCD_gen_thumb.png','M10_012_R042A_CntrsABCD_gen.png','Contour Sketches A&#8211,D',7),(111,10,'M10_012','M10_012_R042B','M10_012_R042B_CntrsEFGH_gen_thumb.png','M10_012_R042B_CntrsEFGH_gen.png','Contour Sketches E&#8211,H',7),(112,10,'M10_013','M10_013_R043','M10_013_R043_ConLnLdsc_gen_thumb.png','M10_013_R043_ConLnLdsc_gen.png','Contour line landscape',7),(113,10,'M10_013','M10_013_R044','M10_013_R044_ConLnLMem_gen_thumb.png','M10_013_R044_ConLnLMem_gen.png','Contour line landscape memo',7),(114,10,'M10_014','M10_014_R127','M10_014_R127_SAPh_atl_thumb.png','M10_014_R127_SAPh_atl.png','South Africa Physical',6),(115,10,'M10_014','M10_014_R206','M10_014_R206_CS30DegS_atl_thumb.png','M10_014_R206_CS30DegS_atl.png','Cross-section along 30&#176,S',6),(116,10,'M10_014','M10_014_R101','M10_014_R101_LndfsCSs_gen_thumb.png','M10_014_R101_LndfsCSs_gen.png','Landforms and cross-sections',7),(117,10,'M10_015','M10_015_R046','M10_015_R046_MrsbrgTMEx_top_thumb.png','M10_015_R046_MrsbrgTMEx_top.png','Enlarged map',1),(118,10,'M10_015','M10_015_R047','M10_015_R047_CSCnstPrep_gen_thumb.png','M10_015_R047_CSCnstPrep_gen.png','Cross-section construction preparation',7),(119,10,'M10_015','M10_015_R048','M10_015_R048_CSCnstrctn_gen_thumb.png','M10_015_R048_CSCnstrctn_gen.png','Cross-section construction process',7),(120,10,'M10_015','M10_015_R049','M10_015_R049_JnPtsInsLb_gen_thumb.png','M10_015_R049_JnPtsInsLb_gen.png','Joining points and inserting labels',7),(121,10,'M10_015','M10_015_R050','M10_015_R050_CSComplete_gen_thumb.png','M10_015_R050_CSComplete_gen.png','Completed cross-section',7),(122,10,'M10_015','M10_015_R500','M10_015_R500_CnstrCSs_ani_thumb.png','M10_015_R500_CnstrCSs_ani.mp4','Constructing cross-sections',5),(123,10,'M10_016','M10_016_R111','M10_016_R111_HPhotoCT_aer_thumb.png','M10_016_R111_HPhotoCT_aer.png','Horizontal photograph of Cape Town ',3),(124,10,'M10_016','M10_016_R112','M10_016_R112_HghAngOPCT_aer_thumb.png','M10_016_R112_HghAngOPCT_aer.png','High angle oblique photograph of Cape Town ',3),(125,10,'M10_016','M10_016_R411','M10_016_R411_LwAngOPCT_aer_thumb.png','M10_016_R411_LwAngOPCT_aer.png','Low angle oblique photograph of Cape Town ',3),(126,10,'M10_016','M10_016_R412','M10_016_R412_VAPhotoCT_aer_thumb.png','M10_016_R412_VAPhotoCT_aer.png','Vertical aerial photograph of Cape Town ',3),(127,10,'M10_016','M10_016_R113','M10_016_R113_OAPPretCBD_aer_thumb.png','M10_016_R113_OAPPretCBD_aer.png','Oblique aerial photograph of Pretoria CBD',3),(128,10,'M10_016','M10_016_R114','M10_016_R114_PtaAerial_aer_thumb.png','M10_016_R114_PtaAerial_aer.png','Vertical aerial photograph Pretoria 2528CA',3),(129,10,'M10_016','M10_016_R115','M10_016_R115_PhotoUBPta_pho_thumb.png','M10_016_R115_PhotoUBPta_pho.png','Photo of Union Buildings in Pretoria ',9),(130,10,'M10_017','M10_017_R413','M10_017_R413_PtaOpMExt_ort_thumb.png','M10_017_R413_PtaOpMExt_ort.png','Extract from Pretoria orthophoto map ',2),(131,10,'M10_017','M10_017_R116','M10_017_R116_PtaTopM01_top_thumb.png','M10_017_R116_PtaTopM01_top.png','Pretoria 2528CA topographic map (2001)',1),(132,10,'M10_017','M10_017_R117','M10_017_R117_PtaOpM01_ort_thumb.png','M10_017_R117_PtaOpM01_ort.png','Pretoria 2528CA 24 orthophoto map (2001)',2),(133,10,'M10_017','M10_017_R118','M10_017_R118_PtaArial12_aer_thumb.png','M10_017_R118_PtaArial12_aer.png','Pretoria 2528CA aerial photograph (2012)',3),(134,10,'M10_018','M10_018_R119','M10_018_R119_MrsbrgAPEx_aer_thumb.png','M10_018_R119_MrsbrgAPEx_aer.png','Moorreesburg aerial photograph extract',3),(135,10,'M10_018','M10_018_R120','M10_018_R120_MrsbrgOMEx_ort_thumb.png','M10_018_R120_MrsbrgOMEx_ort.png','Moorreesburg orthophoto map extract',2),(136,10,'M10_018','M10_018_R121','M10_018_R121_MrsbrgTMEx_top_thumb.png','M10_018_R121_MrsbrgTMEx_top.png','Moorreesburg topographic map extract',1),(137,11,'A11_001','A11_001_R230','A11_001_R230_AtInd_atl_thumb.png','A11_001_R230_AtInd_atl.png','Extract from atlas index',6),(138,11,'A11_002','A11_002_R231','A11_002_R231_ANatVeg_atl_thumb','A11_002_R231_ANatVeg_atl.png','Africa Natural Vegetation',6),(139,11,'A11_002','A11_002_R232','A11_002_R232_AClimReg_atl_thumb.png','A11_002_R232_AClimReg_atl.png','Africa Climatic Regions',6),(140,11,'A11_002','A11_002_R233','A11_002_R233_AAnRfl_atl_thumb.png','A11_002_R233_AAnRfl_atl.png','Africa Annual Rainfall',6),(141,11,'A11_002','A11_002_R234','A11_002_R234_ATAndPJan_atl_thumb.png','A11_002_R234_ATAndPJan_atl.png','Africa Temperature and Pressure: January',6),(142,11,'A11_002','A11_002_R235','A11_002_R235_ATAndPJul_atl_thumb.png','A11_002_R235_ATAndPJul_atl.png','Africa Temperature and Pressure: July',6),(143,11,'A11_003','A11_003_R236','A11_003_R236_GntsCstl_pho_thumb.png','A11_003_R236_GntsCstl_pho.png','Horizontal rock strata near Giant\'s Castle',9),(144,11,'A11_003','A11_003_R237','A11_003_R237_HrtbsptDam_pho_thumb.png','A11_003_R237_HrtbsptDam_pho.png','Inclined rock strata at Hartbeesport Dam',9),(145,11,'A11_003','A11_003_R238','A11_003_R238_PrlRckWC_pho_thumb.png','A11_003_R238_PrlRckWC_pho.png','Paarl Rock in the Western Cape',9),(146,11,'A11_003','A11_003_R127','A11_003_R127_SAPhM_alt_thumb.png','A11_003_R127_SAPhM_alt.png','South Africa Physical map',6),(147,11,'A11_003','A11_003_R241','A11_003_R241_MRckClrns_pho_thumb.png','A11_003_R241_MRckClrns_pho.png','Mushroom Rock near Clarens',9),(148,11,'A11_003','A11_003_R242','A11_003_R242_SwrtbgMtWC_pho_thumb.png','A11_003_R242_SwrtbgMtWC_pho.png','Swartberg mountains in  the Western Cape',9),(149,11,'A11_003','A11_003_R239','A11_003_R239_VllyDslnGR_pho_thumb.png','A11_003_R239_VllyDslnGR_pho.png','Valley of Desolation near Graaff-Reinet',9),(150,11,'A11_003','A11_003_R240','A11_003_R240_BlydRvCan_pho_thumb.png','A11_003_R240_BlydRvCan_pho.png','Blyde River Canyon in Mpumalanga',9),(151,11,'A11_004','A11_004_R501','A11_004_R501_DevCartoon_gen_thumb.png','A11_004_R501_DevCartoon_gen.png','Development cartoon',7),(152,11,'A11_004','A11_004_R502','A11_004_R502_DevIndTbls_atl_thumb.png','A11_004_R502_DevIndTbls_atl.png','Development Indicator Tables',6),(153,11,'A11_004','A11_004_R243','A11_004_R243_LvDevM_atl_thumb.png','A11_004_R243_LvDevM_atl.png','Level of Development Map',6),(154,11,'A11_004','A11_004_R244','A11_004_R244_AidProvRecM_atl_thumb.png','A11_004_R244_AidProvRecM_atl.png','Aid Providers and Receivers map',6),(155,11,'A11_004','A11_004_R245','A11_004_R245_ShrWTrdM_atl_thumb.png','A11_004_R245_ShrWTrdM_atl.png','Share of World Trade map',6),(156,11,'A11_005','A11_005_R246','A11_005_R246_MPPwrStn_pho_thumb.png','A11_005_R246_MPPwrStn_pho.png','Duvha coal-fired power station in Mpumalanga',9),(157,11,'A11_005','A11_005_R247','A11_005_R247_WndFrmDrlg_pho_thumb.png','A11_005_R247_WndFrmDrlg_pho.png','Wind farm near Darling',9),(158,11,'A11_005','A11_005_R248','A11_005_R248_ConvESrc_atl_thumb.png','A11_005_R248_ConvESrc_atl.png','Conventional and non-conventional sources of energy',6),(159,11,'A11_005','A11_005_R249','A11_005_R249_CstEProd_gen_thumb.png','A11_005_R249_CstEProd_gen.png','Cost of energy production',7),(160,11,'A11_005','A11_005_R250','A11_005_R250_SrcEProdSA_gen_thumb.png','A11_005_R250_SrcEProdSA_gen.png','Recent and planned sources of energy production in South Africa',7),(161,11,'G11_001','G11_001_R275','G11_001_R275_GISScrAttT_gis_thumb.png','G11_001_R275_GISScrAttT_gis.png','GIS screen and attributes table',8),(162,11,'G11_001','G11_001_R276','G11_001_R276_BnryFls_gis_thumb.png','G11_001_R276_BnryFls_gis.png','Binary files',8),(163,11,'G11_001','G11_001_R277','G11_001_R277_TxtFls_gis_thumb.png','G11_001_R277_TxtFls_gis.png','Text files',8),(164,11,'G11_001','G11_001_R278','G11_001_R278_TINTrrn_gis_thumb.png','G11_001_R278_TINTrrn_gis.png','TIN terrain',8),(165,11,'G11_001','G11_001_R279','G11_001_R279_DtbTbl_gis_thumb.png','G11_001_R279_DtbTbl_gis.png','Database table',8),(166,11,'G11_001','G11_001_R280','G11_001_R280_RstSatDt_gis_thumb.png','G11_001_R280_RstSatDt_gis.png','Raster satellite data',8),(167,11,'G11_001','G11_001_R281','G11_001_R281_MTrgBSptH_gis_thumb.png','G11_001_R281_MTrgBSptH_gis.png','Map of trig beacons and spot heights',8),(168,11,'G11_001','G11_001_R282','G11_001_R282_MRdDt_gis_thumb.png','G11_001_R282_MRdDt_gis.png','Map of road data',8),(169,11,'G11_001','G11_001_R283','G11_001_R283_MLdPrcls_gis_thumb.png','G11_001_R283_MLdPrcls_gis.png','Map of land parcels',8),(170,11,'G11_002','G11_002_R284','G11_002_R284_RstImgDifRes_gis_thumb.png','G11_002_R284_RstImgDifRes_gis.png','Raster images at different resolutions',8),(171,11,'G11_002','G11_002_R285','G11_002_R285_SpResVRstDt_gis_thumb.png','G11_002_R285_SpResVRstDt_gis.png','Spatial resolution with vector data and raster data',8),(172,11,'G11_002','G11_002_R062','G11_002_R062_WPh_atl_thumb.png','G11_002_R062_WPh_atl.png','World Physical',6),(173,11,'G11_002','G11_002_R057','G11_002_R057_APh_atl_thumb.png','G11_002_R057_APh_atl.png','Africa Physical',6),(174,11,'G11_002','G11_002_R065','G11_002_R065_SAPh_atl_thumb.png','G11_002_R065_SAPh_atl.png','South Africa Physical',6),(175,11,'G11_002','G11_002_R052','G11_002_R052_MP_atl_thumb.png','G11_002_R052_MP_atl.png','Mpumalanga',6),(176,11,'G11_002','G11_002_R287','G11_002_R287_LsatImgMP_sat_thumb.png','G11_002_R287_LsatImgMP_sat.png','Landsat image of a section of Mpumalanga',4),(177,11,'G11_002','G11_002_R262','G11_002_R262_BrbtnTopM_top_thumb.png','G11_002_R262_BrbtnTopM_top.png','Barberton topographic map 2531CC',1),(178,11,'G11_002','G11_002_R286','G11_002_R286_BrbtnOrtM_ort_thumb.png','G11_002_R286_BrbtnOrtM_ort.png','Barberton orthophoto map',2),(179,11,'G11_002','G11_002_R288','G11_002_R288_SHRIBrbtn_sat_thumb.png','G11_002_R288_SHRIBrbtn_sat.png','Spot high resolution image of Barberton',4),(180,11,'G11_003','G11_003_R293','G11_003_R293_SpecSgns_gis_thumb.png','G11_003_R293_SpecSgns_gis.png','Spectral signatures',8),(181,11,'G11_003','G11_003_R294','G11_003_R294_SatMultSns_sat_thumb.png','G11_003_R294_SatMultSns_sat.png','Satellite with multiple sensors',4),(182,11,'G11_003','G11_003_R289','G11_003_R289_AImpCliChg_atl_thumb.png','G11_003_R289_AImpCliChg_atl.png','Africa Impact of Climate Change',6),(183,11,'G11_003','G11_003_R290','G11_003_R290_AAgric_atl_thumb.png','G11_003_R290_AAgric_atl.png','Africa Agriculture',6),(184,11,'G11_003','G11_003_R291','G11_003_R291_AAnnRfl_atl_thumb.png','G11_003_R291_AAnnRfl_atl.png','Africa Annual Rainfall',6),(185,11,'G11_003','G11_003_R292','G11_003_R292_AMnrls_atl_thumb.png','G11_003_R292_AMnrls_atl.png','Africa Minerals',6),(186,11,'G11_003','G11_003_R295','G11_003_R295_MinSpecSgn_gis_thumb.png','G11_003_R295_MinSpecSgn_gis.png','Mineral spectral signature',8),(187,11,'G11_003','G11_003_R296','G11_003_R296_VegSpecSgn_gis_thumb.png','G11_003_R296_VegSpecSgn_gis.png','Vegetation spectral signature',8),(188,11,'G11_004','G11_004_R351','G11_004_R351_RstVAndRWDt_gis_thumb.png','G11_004_R351_RstVAndRWDt_gis.png','Raster, vector and real world data',8),(189,11,'G11_004','G11_004_R352','G11_004_R352_LSatImg_sat_thumb.jpg','G11_004_R352_LSatImg_sat.jpg','Landsat imagery',4),(190,11,'G11_004','G11_004_R231','G11_004_R231_ANatVeg_atl_thumb.png','G11_004_R231_ANatVeg_atl.png','Africa Natural Vegetation',6),(191,11,'G11_004','G11_004_R232','G11_004_R232_ACliRegs_atl_thumb.png','G11_004_R232_ACliRegs_atl.png','Africa Climatic Regions',6),(192,11,'G11_005','G11_005_R298','G11_005_R298_PntLnAndPoly_gis_thumb.png','G11_005_R298_PntLnAndPoly_gis.png','Point, line and polygon',8),(193,11,'G11_005','G11_005_R297','G11_005_R297_WRscMngInd_atl_thumb.png','G11_005_R297_WRscMngInd_atl.png','World resources: Mining and Industry',6),(194,11,'G11_005','G11_005_R262','G11_005_R262_Brbtn_top_thumb.png','G11_005_R262_Brbtn_top.png','Barberton 2531CC',1),(195,11,'G11_006','G11_006_R358','G11_006_R358_PntVDtGISM_gis_thumb.png','G11_006_R358_PntVDtGISM_gis.png','Point vector data on a GIS generated map',8),(196,11,'G11_006','G11_006_R359','G11_006_R359_SatRstImg_gis_thumb.png','G11_006_R359_SatRstImg_gis.png','Sat raster image',8),(197,11,'G11_006','G11_006_R353','G11_006_R353_ShapeFile_gis_thumb.png','G11_006_R353_ShapeFile_gis.png','Files making up a shapefile and what they look like in a GIS',8),(198,11,'G11_006','G11_006_R461','G11_006_R461_GlbIneqs_atl_thumb.png','G11_006_R461_GlbIneqs_atl.png','Global Inequalities',6),(199,11,'G11_006','G11_006_R076','G11_006_R076_WPol_atl_thumb.png','G11_006_R076_WPol_atl.png','World Political',6),(200,11,'G11_007','G11_007_R554','G11_007_R554_FrmsDt_gen_thumb.png','G11_007_R554_FrmsDt_gen.png','Forms of data',7),(201,11,'G11_007','G11_007_R362 ','G11_007_R362_ALndfrms_atl_thumb.png','G11_007_R362_ALndfrms_atl.png','Africa Landforms',6),(202,11,'G11_007','G11_007_R363','G11_007_R363_SatImgA_sat_thumb.png','G11_007_R363_SatImgA_sat.jpg','Satellite image of Africa',4),(203,11,'G11_007','G11_007_R057','G11_007_R057_APh_atl_thumb.png','G11_007_R057_APh_atl.png','Africa Physical',6),(204,11,'G11_007','G11_007_R364','G11_007_R364_APhRgns_atl_thumb.png','G11_007_R364_APhRgns_atl.png','Africa Physical Regions',6),(205,11,'G11_008','G11_008_R262','G11_008_R262_Brbrtn_top_thumb.png','G11_008_R262_Brbrtn_top.png','Barberton  2531CC',1),(206,11,'G11_008','G11_008_R365','G11_008_R365_VLayBUArs_gis_thumb.png','G11_008_R365_VLayBUArs_gis.png','Vector layer built-up areas (POLYGON)',8),(207,11,'G11_008','G11_008_R366','G11_008_R366_VLayWdlnd_gis_thumb.png','G11_008_R366_VLayWdlnd_gis.png','Vector layer woodland (POLYGON)',8),(208,11,'G11_008','G11_008_R367','G11_008_R367_VLayRvs_gis_thumb.png','G11_008_R367_VLayRvs_gis.png','Vector layer rivers (LINE)',8),(209,11,'G11_008','G11_008_R368','G11_008_R368_VLayCons_gis_thumb.png','G11_008_R368_VLayCons_gis.png','Vector layer contours (LINE)',8),(210,11,'G11_008','G11_008_R369','G11_008_R369_VLaySptH_gis_thumb.png','G11_008_R369_VLaySptH_gis.png','Vector layer spot heights (POINT)',8),(211,11,'G11_008','G11_008_R370','G11_008_R370_VLayArtRts_gis_thumb.png','G11_008_R370_VLayArtRts_gis.png','Vector layer arterial routes (LINE)',8),(212,11,'G11_008','G11_008_R371','G11_008_R371_VLayRlw_gis_thumb.png','G11_008_R371_VLayRlw_gis.png','Vector layer railway (LINE)',8),(213,11,'G11_008','G11_008_R372','G11_008_R372_VLayPwLn_gis_thumb.png','G11_008_R372_VLayPwLn_gis.png','vector layer power line (LINE) ',8),(214,11,'G11_009','G11_009_R373','G11_009_R373_GISItfWPg_gis_thumb.png','G11_009_R373_GISItfWPg_gis.png','GIS interface web page with MODIS satellite True Colour layer active',8),(215,11,'G11_009','G11_009_R374','G11_009_R374_Coords_gis_thumb.png','G11_009_R374_Coords_gis.png','Co&#8209,ordinates',8),(216,11,'G11_009','G11_009_R375','G11_009_R375_MCnvBrbrtn_gis_thumb.png','G11_009_R375_MCnvBrbrtn_gis.png','Map canvas of AFIS map zoom-in Barberton area',8),(217,11,'G11_009','G11_009_R376','G11_009_R376_AttrDtTbl_gis_thumb.png','G11_009_R376_AttrDtTbl_gis.png','Attribute data table',8),(218,11,'G11_009','G11_009_R377','G11_009_R377_SclBar_gis_thumb.png','G11_009_R377_SclBar_gis.png','Scale bar',8),(219,11,'G11_009','G11_009_R378','G11_009_R378_LayLstLg_gis_thumb.png','G11_009_R378_LayLstLg_gis.png','Layer list or legend ',8),(220,11,'G11_009','G11_009_R379','G11_009_R379_Toolbar_gis_thumb.png','G11_009_R379_Toolbar_gis.png','Tool bar',8),(221,11,'G11_009','G11_009_R097','G11_009_R097_DrghtFldFr_atl_thumb.png','G11_009_R097_DrghtFldFr_atl.png','Drought, Floods and Fires',6),(222,11,'G11_010','G11_010_R262','G11_010_R262_Brbrtn_top_thumb.png','G11_010_R262_Brbrtn_top.png','Barberton 2531CC',1),(223,11,'G11_010','G11_010_R503','G11_010_R503_GglEarthTimlne_thumb.png','G11_010_R503_GglEarthTimlne.mp4','Google Earth Time Line',5),(224,11,'G11_010','G11_010_R500','G11_010_R500_Brbrtn2004_gis_thumb.png','G11_010_R500_Brbrtn2004_gis.png','Barberton 2004',8),(225,11,'G11_010','G11_010_R380','G11_010_R380_Brbrtn2012_gis_thumb.png','G11_010_R380_Brbrtn2012_gis.png','Barberton 2012',8),(226,11,'G11_010','G11_010_R381','G11_010_R381_RdLay_gis_thumb.png','G11_010_R381_RdLay_gis.png','Road layer',8),(227,11,'G11_010','G11_010_R382','G11_010_R382_ParksAndRec_gis_thumb.png','G11_010_R382_ParksAndRec_gis.png','Parks and recreation',8),(228,11,'G11_010','G11_010_R383','G11_010_R383_TrnspRl_gis_thumb.png','G11_010_R383_TrnspRl_gis.png','Transport and rail',8),(229,11,'G11_010','G11_010_R384','G11_010_R384_PhtLay_gis_thumb.png','G11_010_R384_PhtLay_gis.png','Photo layer',8),(230,11,'G11_010','G11_010_R385','G11_010_R385_BrdrsAndLbls_gis_thumb.png','G11_010_R385_BrdrsAndLbls_gis.png','Borders and labels',8),(231,11,'M11_001','M11_001_R130','M11_001_R130_MExtRkjvk_atl_thumb.png','M11_001_R130_MExtRkjvk_atl.png','Map extract of Reykjavik',6),(232,11,'M11_001','M11_001_R131','M11_001_R131_KZN_atl_thumb.png','M11_001_R131_KZN_atl.png','KwaZulu-Natal ',6),(233,11,'M11_001','M11_001_R132','M11_001_R132_PmbTMExt_top_thumb.png','M11_001_R132_PmbTMExt_top.png','Pietermaritzburg 2930CB topographic map extract ',1),(234,11,'M11_002','M11_002_R021','M11_002_R021_CompPntDg_gen_thumb.png','M11_002_R021_CompPntDg_gen.png','Compass points with degrees',7),(235,11,'M11_002','M11_002_R022','M11_002_R022_MeasrBearing_thumb.png','M11_002_R022_MeasrBearing.mp4','Measuring bearing',5),(236,11,'M11_002','M11_002_R133','M11_002_R133_PmbTMExt_top_thumb.png','M11_002_R133_PmbTMExt_top.png','Pietermaritzburg 2930CB topographic map extract ',1),(237,11,'M11_003','M11_003_R134','M11_003_R134_MDKrsfntn_gen_thumb.png','M11_003_R134_MDKrsfntn_gen.png','Magnetic declination: Kruisfontein ',7),(238,11,'M11_003','M11_003_R135','M11_003_R135_MDAugHerRt_gen_thumb.png','M11_003_R135_MDAugHerRt_gen.png','Magnetic declination: Augrabies, Hermanus, Rite ',7),(239,11,'M11_003','M11_003_R133','M11_003_R133_PmbTMExt_top_thumb.png','M11_003_R133_PmbTMExt_top.png','Pietermaritzburg 2930CB topographic map extract ',1),(240,11,'M11_003','M11_003_R136','M11_003_R136_MDPmb_gen_thumb.png','M11_003_R136_MDPmb_gen.png','Magnetic declination: Pietermaritzburg',7),(241,11,'M11_004','M11_004_R220','M11_004_R220_3TpsOfScl_gen_thumb.png','M11_004_R220_3TpsOfScl_gen.png','The three types of scale',7),(242,11,'M11_004','M11_004_R131','M11_004_R131_KZNProvM_atl_thumb.png','M11_004_R131_KZNProvM_atl.jpg','KwaZulu-Natal Provincial map',6),(243,11,'M11_004','M11_004_R133','M11_004_R133_PmbTMExt_top_thumb.png','M11_004_R133_PmbTMExt_top.png','Pietermaritzburg 2930CB (topo map extract) ',1),(244,11,'M11_004','M11_004_R137','M11_004_R137_PmbCBD_atl_thumb.png','M11_004_R137_PmbCBD_atl.png','Google street map of Pietermaritzburg',7),(245,11,'M11_005','M11_005_R138','M11_005_R138_RtDstMsmDV_gen_thumb.png','M11_005_R138_RtDstMsmDV_gen.png','Route distance measurement using divider method',7),(246,11,'M11_005','M11_005_R131','M11_005_R131_KZN_atl_thumb.png','M11_005_R131_KZN_atl.jpg','KwaZulu-Natal ',6),(247,11,'M11_005','M11_005_R137','M11_005_R137_PmbCBD_atl_thumb.png','M11_005_R137_PmbCBD_atl.png','Pietermaritzburg CBD map',7),(248,11,'M11_005','M11_005_R132','M11_005_R132_PmbTMExt_top_thumb.png','M11_005_R132_PmbTMExt_top.png','Pietermaritzburg 2930CB topographic map extract ',1),(249,11,'M11_006','M11_006_R139','M11_006_R139_PmbTMExt_top_thumb.png','M11_006_R139_PmbTMExt_top.png','Pietermaritzburg 2930CB topographic map extract ',1),(250,11,'M11_006','M11_006_R132','M11_006_R132_PmbTMExt_top_thumb.png','M11_006_R132_PmbTMExt_top.png','Pietermaritzburg 2930CB topographic map extract ',1),(251,11,'M11_007','M11_007_R502','M11_007_R505_CalcAreaIrregFeat_thumb.png','M11_007_R505_CalcAreaIrregFeat.mp4','Calculating area of irregular features (polygons)',5),(252,11,'M11_007','M11_007_R140','M11_007_R140_ExtTMHmns_top_thumb.png','M11_007_R140_ExtTMHmns_top.png','Extract from topographic map 3419AC Hermanus showing Botrivier Nature Reserve',1),(253,11,'M11_007','M11_007_R141','M11_007_R141_OtlTrcBtrv_gen_thumb.png','M11_007_R141_OtlTrcBtrv_gen.png','Outline tracing of Botrivier Nature Reserve from topographic map 3419AC Hermanus',7),(254,11,'M11_007','M11_007_R142','M11_007_R142_OtlTrcBtrv_gen_thumb.png','M11_007_R142_OtlTrcBtrv_gen.png','Outline tracing of Botrivier Nature Reserve from topographic map 3419AC Hermanus with 1&#160,cm&#160,&#215,&#160,1&#160,cm grid superimposed',7),(255,11,'M11_007','M11_007_R143','M11_007_R143_OtlTrcBtrv_gen_thumb.png','M11_007_R143_OtlTrcBtrv_gen.png','Outline tracing of Botrivier Nature Reserve from topographic map 3419AC Hermanus with 1&#160,cm&#160,&#215,&#160,1&#160,cm grid superimposed and a few full blocks ticked off',7),(256,11,'M11_007','M11_007_R144','M11_007_R144_OtlTrcBtrv_gen_thumb.png','M11_007_R144_OtlTrcBtrv_gen.png','R144 Outline tracing of Botrivier Nature Reserve from topographic map 3419AC Hermanus with 1&#160,cm&#160,&#215,&#160,1&#160,cm grid superimposed with all full blocks ticked off and a few incomplete blocks marked with d',7),(257,11,'M11_001','M11_007_R145','M11_007_R145_OtlTrcBtrv_gen_thumb.png','M11_007_R145_OtlTrcBtrv_gen.png','Outline tracing of Botrivier Nature Reserve from topographic map 3419AC Hermanus with 1&#160,cm&#160,&#215,&#160,1&#160,cm grid superimposed with all full blocks ticked off and all incomplete blocks marked with dots.',7),(258,11,'M11_007','M11_007_R146','M11_007_R146_OtlTrcBtrv_gen_thumb.png','M11_007_R146_OtlTrcBtrv_gen.png','Outline tracing of Botrivier Nature Reserve from topographic map 3419AC Hermanus to be used as background for area calculation',7),(259,11,'M11_007','M11_007_R409A','M11_007_R409A_SwRnkTMExt_top_thumb.png','M11_007_R409A_SwRnkTMExt_top.png','Schweizer-Reneke topographic map extract ',1),(260,11,'M11_007','M11_007_R409B','M11_007_R409B_TrcSRBuAr_gen_thumb.png','M11_007_R409B_TrcSRBuAr_gen.png','Tracing of Schweizer-Reneke built-up area ',7),(261,11,'M11_007','M11_007_R410A','M11_007_R410A_PrlOpMExt_ort_thumb.png','M11_007_R410A_PrlOpMExt_ort.png','Paarl orthophoto map extract ',2),(262,11,'M11_007','M11_007_R410B','M11_007_R410B_TrcPrlIndA_gen_thumb.png','M11_007_R410B_TrcPrlIndA_gen.png','Tracing of Paarl industrial area ',7),(263,11,'M11_008','M11_008_R147','M11_008_R147_LdscAndConLS_gen_thumb.png','M11_008_R147_LdscAndConLS_gen.png','Landscape and contour line sketch',7),(264,11,'M11_008','M11_008_R148','M11_008_R148_LdscAndConLS_gen_thumb.png','M11_008_R148_LdscAndConLS_gen.png','Landscape and contour line sketch',7),(265,11,'M11_008','M11_008_R149','M11_008_R149_LdscAndConLS_gen_thumb.png','M11_008_R149_LdscAndConLS_gen.png','Landscape and contour line sketch',7),(266,11,'M11_008','M11_008_R150','M11_008_R150_LdscAndConLS_gen_thumb.png','M11_008_R150_LdscAndConLS_gen.png','Contour line sketch',7),(267,11,'M11_008','M11_008_R201','M11_008_R201_LdscAndConLS_gen_thumb.png','M11_008_R201_LdscAndConLS_gen.png','Landscape and contour line sketch',7),(268,11,'M11_008','M11_008_R202','M11_008_R202_LdscAndConLS_gen_thumb.png','M11_008_R202_LdscAndConLS_gen.png','Contour line sketch',7),(269,11,'M11_009','M11_009_R204','M11_009_R204_RiteTMExt_top_thumb.png','M11_009_R204_RiteTMExt_top.png','Rite 2529BA topographic map extract ',1),(270,11,'M11_009','M11_009_R203','M11_009_R203_HmnsTMExt_top_thumb.png','M11_009_R203_HmnsTMExt_top.png','Hermanus 3419AC topographic map extract ',1),(271,11,'M11_009','M11_009_R204','M11_009_R204_RiteTMExt_top_thumb.png','M11_009_R204_RiteTMExt_top.png','Rite 2529BA topographic map extract ',1),(272,11,'M11_009','M11_009_R205','M11_009_R205_VrhdTMExt_top_thumb.png','M11_009_R205_VrhdTMExt_top.png','Vryheid 2730DD topographic map extract ',1),(273,11,'M11_010','M11_010_R206','M11_010_R206_CSSAPhM_atl_thumb.png','M11_010_R206_CSSAPhM_atl.png','Cross-section from SA Physical map',6),(274,11,'M11_010','M11_010_R401','M11_010_R401_CSMgbgGE_gen_thumb.png','M11_010_R401_CSMgbgGE_gen.png','Cross-section through the Magaliesberg using the profile function on Google Earth',7),(275,11,'M11_010','M11_010_R207','M11_010_R207_VrhdTMExt_top_thumb.png','M11_010_R207_VrhdTMExt_top.png','Vryheid 2730DD topographic map extract ',1),(276,11,'M11_010','M11_010_R208','M11_010_R208_CSeSkhm_gen_thumb.png','M11_010_R208_CSeSkhm_gen.png','Cross-section through eSikhuma ',7),(277,11,'M11_010','M11_010_R209','M11_010_R209_HmnsTMExt_top_thumb.png','M11_010_R209_HmnsTMExt_top.png','Hermanus 3419AC topographic map extract ',1),(278,11,'M11_010','M11_010_R210','M11_010_R210_CSOnrsbg_gen_thumb.png','M11_010_R210_CSOnrsbg_gen.png','Cross-section through Onrusberge ',7),(279,11,'M11_011','M11_011_R211','M11_011_R211_SktchCSImg_gen_thumb.png','M11_011_R211_SktchCSImg_gen.png','Sketch of cross-section image',7),(280,11,'M11_011','M11_011_R212','M11_011_R212_RiteTMExt_top_thumb.png','M11_011_R212_RiteTMExt_top.png','Rite 2529BA topographic map extract ',1),(281,11,'M11_011','M11_011_R213A','M11_011_R213A_CSRiteTM_gen_thumb.png','M11_011_R213A_CSRiteTM_gen.png','Cross-section A through Rite topographic map',7),(282,11,'M11_011','M11_011_R213B','M11_011_R213B_CSRiteTM_gen_thumb.png','M11_011_R213B_CSRiteTM_gen.png','Cross-section B through Rite topographic map',7),(283,11,'M11_012','M11_012_R214','M11_012_R214_IntvsSktch_gen_thumb.png','M11_012_R214_IntvsSktch_gen.png','Intervisibility sketch',7),(284,11,'M11_012','M11_012_R215','M11_012_R215_ConSkAndIvSk_gen_thumb.png','M11_012_R215_ConSkAndIvSk_gen.png','Contour sketch and intervisibility sketch',7),(285,11,'M11_012','M11_012_R216','M11_012_R216_RiteTMExt_top_thumb.png','M11_012_R216_RiteTMExt_top.png','Rite 2529BA topographic map extract ',1),(286,11,'M11_012','M11_012_R217','M11_012_R217_CSARiteTM_gen_thumb.png','M11_012_R217_CSARiteTM_gen.png','Cross-section A through Rite topographic map',7),(287,11,'M11_013','M11_013_R218','M11_013_R218_SlopeImg_gen_thumb.png','M11_013_R218_SlopeImg_gen.png','Slope image',7),(288,11,'M11_013','M11_013_R219','M11_013_R219_ConLSAndCS_gen_thumb.png','M11_013_R219_ConLSAndCS_gen.png','Contour line sketch and corresponding cross-section',7),(289,11,'M11_014','M11_014_R221','M11_014_R221_SkPlnsCamA_gen_thumb.png','M11_014_R221_SkPlnsCamA_gen.png','Sketch of planes and camera angles',7),(290,11,'M11_014','M11_014_R222','M11_014_R222_VertAer_aer_thumb.png','M11_014_R222_VertAer_aer.png','Vertical aerial photograph ',3),(291,11,'M11_014','M11_014_R223','M11_014_R223_LAoblq_aer_thumb.png','M11_014_R223_LAoblq_aer.png','Low angle oblique aerial photograph',3),(292,11,'M11_014','M11_014_R224','M11_014_R224_HAoblq_aer_thumb.png','M11_014_R224_HAoblq_aer.png','High angle oblique aerial photograph ',3),(293,11,'M11_014','M11_014_R225','M11_014_R225_HmnsAP1_aer_thumb.png','M11_014_R225_HmnsAP1_aer.png','Hermanus: aerial photograph 1',3),(294,11,'M11_014','M11_014_R226','M11_014_R226_HmnsAP2_aer_thumb.png','M11_014_R226_HmnsAP2_aer.png','Hermanus: aerial photograph 2',3),(295,11,'M11_015','M11_015_R227','M11_015_R227_HrmnsOblq_aer_thumb.png','M11_015_R227_HrmnsOblq_aer.png','Oblique aerial photograph of Hermanus',3),(296,11,'M11_015','M11_015_R228','M11_015_R228_HmnsAP1_aer_thumb.png','M11_015_R228_HmnsAP1_aer.png','Vertical aerial photograph of Hermanus',3),(297,11,'M11_015','M11_015_R229','M11_015_R229_HmnsAP2_aer_thumb.png','M11_015_R229_HmnsAP2_aer.png','Oblique aerial photograph of Hermanus',3),(298,11,'M11_015','M11_016_R301','M11_016_R301_RiteOpMExt_ort_thumb.png','M11_016_R301_RiteOpMExt_ort.png','Rite 2930BA 16 orthophoto map extract ',2),(299,11,'M11_016','M11_016_R302','M11_016_R302_PmbOpMExt_ort_thumb.png','M11_016_R302_PmbOpMExt_ort.png','Pietermaritzburg 2930CB 08 orthophoto map extract ',2),(300,11,'M11_016','M11_016_R303','M11_016_R303_OpNmbSystm_gen_thumb.png','M11_016_R303_OpNmbSystm_gen.png','Orthophoto numbering system ',7),(301,11,'M11_016','M11_016_R304','M11_016_R304_RiteOpExt_ort_thumb.png','M11_016_R304_RiteOpExt_ort.png','Rite orthophoto extract ',2),(302,11,'M11_016','M11_016_R305','M11_016_R305_PmbOpExt_ort_thumb.png','M11_016_R305_PmbOpExt_ort.png','Pietermaritzburg orthophoto extract ',2),(303,11,'M11_017','M11_017_R306','M11_017_R306_CrtCharImg_gen_thumb.png','M11_017_R306_CrtCharImg_gen.png','Cartoon character image ',7),(304,11,'M11_017','M11_017_R227','M11_017_R227_HmnsAP1_aer_thumb.png','M11_017_R227_HmnsAP1_aer.jpg','Hermanus: Aerial photograph 1',3),(305,11,'M11_017','M11_017_R307','M11_017_R307_HmnsAP2_aer_thumb.png','M11_017_R307_HmnsAP2_aer.jpg','Hermanus: Aerial photograph 2',3),(306,11,'M11_017','M11_017_R308','M11_017_R308_HmnsOpMExt_ort_thumb.png','M11_017_R308_HmnsOpMExt_ort.png','Hermanus 3419AC 20 orthophoto map extract ',2),(307,11,'M11_017','M11_017_R309','M11_017_R309_HmnsTMExt_top_thumb.png','M11_017_R309_HmnsTMExt_top.png','Hermanus 3419AC topographic map extract ',1),(308,11,'M11_018','M11_018_R310','M11_018_R310_CrtnSgnpst_gen_thumb.png','M11_018_R310_CrtnSgnpst_gen.png','Cartoon character and signpost ',7),(309,11,'M11_018','M11_018_R311','M11_018_R311_HmnsTMExt_top_thumb.png','M11_018_R311_HmnsTMExt_top.png','Hermanus 3419AC topographic map extract ',1),(310,11,'M11_018','M11_018_R312','M11_018_R312_HmnsOpMExt_ort_thumb.png','M11_018_R312_HmnsOpMExt_ort.png','Hermanus 3419AC 20 orthophoto map extract',2),(311,11,'M11_018','M11_018_R313','M11_018_R313_HmnsVAP_aer_thumb.png','M11_018_R313_HmnsVAP_aer.png','Hermanus vertical aerial photograph',3),(312,11,'M11_018','M11_018_R314','M11_018_R314_HmnsCS_gen_thumb.png','M11_018_R314_HmnsCS_gen.png','Hermanus cross-section',7),(313,11,'M11_018','M11_018_R015','M11_018_R015_ConvSgnKey_top_thumb.png','M11_018_R015_ConvSgnKey_top.jpg','Conventional signs key',1),(314,12,'A12_001','A12_001_R350','A12_001_R350_WindRosePE_gen_thumb.png','A12_001_R350_WindRosePE_gen.png','Wind rose for Port Elizabeth',7),(315,12,'A12_001','A12_001_R402','A12_001_R402_WindDBNCT_gen_thumb.png','A12_001_R402_WindDBNCT_gen.png','Wind roses for Cape Town and Durban',7),(316,12,'A12_001','A12_001_R403','A12_001_R403_WindSys_gen_thumb.png','A12_001_R403_WindSys_gen.png','Wind Systems',7),(317,12,'A12_002','A12_002_R127','A12_002_R127_SAph_atl_thumb.png','A12_002_R127_SAph_atl.png','South Africa Physical',6),(318,12,'A12_002','A12_002_R320','A12_002_R320_LPM_atl_thumb.png','A12_002_R320_LPM_atl.png','Limpopo provincial map',6),(319,12,'A12_002','A12_002_R404','A12_002_R404_ECP_atl_thumb.png','A12_002_R404_ECP_atl.png','Eastern Cape provincial map',6),(320,12,'A12_003','A12_003_R405','A12_003_R405_PopDisDen_atl_thumb.png','A12_003_R405_PopDisDen_atl.png','Population Distribution and Density ',6),(321,12,'A12_003','A12_003_R406','A12_003_R406_SAPolUrb_atl_thumb.png','A12_003_R406_SAPolUrb_atl.png','Urban population graph',6),(322,12,'A12_004','A12_004_R407','A12_004_R407_SAMineMnrl_atl_thumb.png','A12_004_R407_SAMineMnrl_atl.png','South Africa Mining &#8211, minerals and value of minerals',6),(323,12,'A12_005','A12_005_R408','A12_005_R408_SAInd_atl_thumb.png','A12_005_R408_SAInd_atl.png','South African Industries',6),(324,12,'G12_001','G12_001_R555','G12_001_R555_OrbtEarth_gen_thumb.png','G12_001_R555_OrbtEarth_gen.png','Satellites orbiting Earth',7),(325,12,'G12_001','G12_001_R556','G12_001_R556_RemoteSens_gen_thumb.png','G12_001_R556_RemoteSens_gen.png','Uses of remote sensing',7),(326,12,'G12_001','G12_001_R392','G12_001_R392_WClmtOcn_atl_thumb.png','G12_001_R392_WClmtOcn_atl.png','World Climatic Regions and Ocean Currents',6),(327,12,'G12_001','G12_001_R273','G12_001_R273_ClmtChngVI_atl_thumb.png','G12_001_R273_ClmtChngVI_atl.png','Climate Change vulnerability Index, 2010',6),(328,12,'G12_001','G12_001_R062','G12_001_R062_WPhM_atl_thumb.png','G12_001_R062_WPhM_atl.png','World Physical',6),(329,12,'G12_001','G12_001_R467','G12_001_R467_SatImgOcn_sat_thumb.png','G12_001_R467_SatImgOcn_sat.png','Sat image ocean currents',4),(330,12,'G12_001','G12_001_R468','G12_001_R468_NOAASeaLvl_sat_thumb.png','G12_001_R468_NOAASeaLvl_sat.png','Sat NOAA image sea level rise',4),(331,12,'G12_002','G12_002_R471','G12_002_R471_Dstrct61983_sat_thumb.jpeg','G12_002_R471_Dstrct61983_sat.jpeg','District 6 aerial photograph 1983',4),(332,12,'G12_002','G12_002_R472','G12_002_R472_Dstrct62010_sat_thumb.jpeg','G12_002_R472_Dstrct62010_sat.jpeg','District 6 aerial photography 2010',4),(333,12,'G12_002','G12_002_R473','G12_002_R473_Dstrct61953_sat_thumb.png','G12_002_R473_Dstrct61953_sat.png','District 6 aerial photograph 1953',4),(334,12,'G12_002','G12_002_R469','G12_002_R469_MemelImg_sat_thumb.jpeg','G12_002_R469_MemelImg_sat.jpeg','Satellite image of Memel',4),(335,12,'G12_002','G12_002_R470','G12_002_R470_MemelM_top_thumb.png','G12_002_R470_MemelM_top.png','Memel 2729DA Topographic map ',1),(336,12,'G12_003','G12_003_R475','G12_003_R475_SADrain_gis_thumb.png','G12_003_R475_SADrain_gis.png','Map of SA drainage ',8),(337,12,'G12_003','G12_003_R474','G12_003_R474_AttDataTbl_gis_thumb.png','G12_003_R474_AttDataTbl_gis.png','Image of attribute data',8),(338,12,'G12_003','G12_003_R062','G12_003_R062_WPhM_atl_thumb.png','G12_003_R062_WPhM_atl.png','World Physical',6),(339,12,'G12_003','G12_003_R062A','G12_003_R062A_MntnHTbl_atl_thumb.png','G12_003_R062A_MntnHTbl_atl.png','Mountain heights',6),(340,12,'G12_003','G12_003_R062B','G12_003_R062B_IslandArea_atl_thumb.png','G12_003_R062B_IslandArea_atl.png','Island areas',6),(341,12,'G12_003','G12_003_R062C','G12_003_R062C_Continents_atl_thumb.png','G12_003_R062C_Continents_atl.png','Continents',6),(342,12,'G12_003','G12_003_R062D','G12_003_R062D_Oceans_atl_thumb.png','G12_003_R062D_Oceans_atl.png','Oceans',6),(343,12,'G12_003','G12_003_R062E','G12_003_R062E_LakeAreaTbl_atl_thumb.png','G12_003_R062E_LakeAreaTbl_atl.png','Lake areas',6),(344,12,'G12_003','G12_003_R062F','G12_003_R062F_RvrL_atl_thumb.png','G12_003_R062F_RvrL_atl.png','River ',6),(345,12,'G12_004','G12_004_R557','G12_004_R557_DataDgrm_gen_thumb.png','G12_004_R557_DataDgrm_gen.png','Data Diagram',7),(346,12,'G12_004','G12_004_R476','G12_004_R476_SAPopDen12_gis_thumb.png','G12_004_R476_SAPopDen12_gis.png','Population Density, 2012 Census Data',6),(347,12,'G12_004','G12_004_R198','G12_004_R198_SAPopDen_atl_thumb.png','G12_004_R198_SAPopDen_atl.png','Population Distribution and Density ',6),(348,12,'G12_005','G12_005_R481','G12_005_R481_GISIntdgrm_gen_thumb.png','G12_005_R481_GISIntdgrm_gen.png','GIS integration diagram',8),(349,12,'G12_005','G12_005_R462','G12_005_R462_SACashCrop_atl_thumb.png','G12_005_R462_SACashCrop_atl.png','SA Cash Crop Farming and Forestry',6),(350,12,'G12_005','G12_005_R512','G12_005_R512_SAFoodCrop_atl_thumb.png','G12_005_R512_SAFoodCrop_atl.png','SA Food Crop Farming',6),(351,12,'G12_006','G12_006_R480','G12_006_R480_BffrVector_gis_thumb.png','G12_006_R480_BffrVector_gis.png','Buffering of vector data ',7),(352,12,'G12_006','G12_006_R470 ','G12_006_R470_Memel_top_thumb.png','G12_006_R470_Memel_top.png','Memel 2729DA Topographic Map',1),(353,12,'G12_006','G12_006_R477A','G12_006_R477A_BffrSewage_gis_thumb.png','G12_006_R477A_BffrSewage_gis.png','GIS gen map 250&#160,m buffer of the sewage works, scale 1&#8201,:&#8201,50&#160,000',8),(354,12,'G12_006','G12_006_R477B','G12_006_R477B_SewageSchl_gis_thumb.png','G12_006_R477B_SewageSchl_gis.png','GIS gen map 250&#160,m and 500&#160,m buffer of the sewage work, scale 1&#8201,:&#8201,50&#160,000',8),(355,12,'G12_006','G12_006_R478','G12_006_R478_BffrClinic_gis_thumb.png','G12_006_R478_BffrClinic_gis.png','GIS gen map 3&#160,km buffer of the clinic',8),(356,12,'G12_006','G12_006_R479','G12_006_R479_Pmpnsprt_gis_thumb.png','G12_006_R479_Pmpnsprt_gis.png','GIS gen map 500&#160,m buffer of Pampoenspruit R',8),(357,12,'G12_007','G12_007_R482','G12_007_R482_Querying_gis_thumb.png','G12_007_R482_Querying_gis.png','GIS querying screen shot',8),(358,12,'G12_007','G12_007_R059','G12_007_R059_WTourLoc_atl_thumb.png','G12_007_R059_WTourLoc_atl.png','World Tourism Locations',6),(359,12,'G12_007','G12_007_R558','G12_007_R558_IntTourArr_atl_thumb.png','G12_007_R558_IntTourArr_atl.png','International Tourist Arrivals, 1991&#8211,2010',6),(360,12,'G12_008','G12_008_R483','G12_008_R483_SAInd_atl_thumb.png','G12_008_R483_SAInd_atl.png','GIS Analysis',8),(361,12,'G12_008','G12_008_R559','G12_008_R559_SAIndGrphs_atl_thumb.png','G12_008_R559_SAIndGrphs_atl.png','South Africa Industries',6),(362,12,'G12_008','G12_008_R484','G12_008_R484_analysis_gis_thumb.png','G12_008_R484_analysis_gis.png','South Africa Industries &#8211, related graphs',6),(363,12,'G12_009','G12_009_R560','G12_009_R560_MindMGov_gen_thumb.png','G12_009_R560_MindMGov_gen.png','Mindmap GIS in government',7),(364,12,'G12_009','G12_009_R464','G12_009_R464_ConvSourEn_atl_thumb.png','G12_009_R464_ConvSourEn_atl.png','Conventional and Non-Conventional Sources of Energy',6),(365,12,'G12_009','G12_009_R561','G12_009_R561_SAEn_atl_thumb.png','G12_009_R561_SAEn_atl.png','South Africa Energy &#8211, related graphs',6),(366,12,'G12_010','G12_010_R485','G12_010_R485_DrainageSA_gis_thumb.png','G12_010_R485_DrainageSA_gis.png','Image of GIS interface showing drainage in SA',8),(367,12,'G12_010','G12_010_R060','G12_010_R060_SADCConserv_atl_thumb.png','G12_010_R060_SADCConserv_atl.png','SADC Tourism and Conservation',6),(368,12,'G12_010','G12_010_R562','G12_010_R562_SADCGrph_atl_thumb.png','G12_010_R562_SADCGrph_atl.png','SADC Tourism and Conservation &#8211, related graphs',6),(369,12,'M12_001','M12_001_R315','M12_001_R315_puzzlpiece_gen_thumb.png','M12_001_R315_puzzlpiece_gen.png','Map skills puzzle',7),(370,12,'M12_001','M12_001_R316','M12_001_R316_Krsfntn_top_thumb.png','M12_001_R316_Krsfntn_top.png','Kruisfontein map extract',1),(371,12,'M12_002','M12_002_R317','M12_002_R317_TopMapExt_top_thumb.png','M12_002_R317_TopMapExt_top.png','Topographic map extracts ',1),(372,12,'M12_002','M12_002_R318','M12_002_R318_ConLSketch_gen_thumb.png','M12_002_R318_ConLSketch_gen.png','Contour line sketch',7),(373,12,'M12_003','M12_003_R319','M12_003_R319_DirectBear_gen_thumb.png','M12_003_R319_DirectBear_gen.png','Direction and bearing image',7),(374,12,'M12_003','M12_003_R022','M11_002_R022_MeasrBearing_thumb.png','M11_002_R022_MeasrBearing.mp4','Measuring bearing',5),(375,12,'M12_003','M12_003_R320','M12_003_R320_LP_atl_thumb.png','M12_003_R320_LP_atl.png','Limpopo',6),(376,12,'M12_004','M12_004_R321','M12_004_R321_IndexM_top_thumb.png','M12_004_R321_IndexM_top.png','Index to map sheets ',1),(377,12,'M12_004','M12_004_R322','M12_004_R322_LPMExt_top_thumb.png','M12_004_R322_LPMExt_top.png','Limpopo map sheet extract',1),(378,12,'M12_004','M12_004_R323','M12_004_R323_TznnMExt_top_thumb.png','M12_004_R323_TznnMExt_top.png','Tzaneen 2330CC topographic map extract ',1),(379,12,'M12_005','M12_005_R324','M12_005_R324_ GR_aer_thumb.png','M12_005_R324_ GR_aer.png','Graaff-Reinett ',3),(380,12,'M12_005','M12_005_R325','M12_005_R325_PTA_aer_thumb.png','M12_005_R325_PTA_aer.png','Pretoria',3),(381,12,'M12_005','M12_005_R326','M12_005_R326_Tznn_aer_thumb.png','M12_005_R326_Tznn_aer.png','Tzaneen',3),(382,12,'M12_006','M12_006_R327','M12_006_R327_ObliqPaarl_aer_thumb.png','M12_006_R327_ObliqPaarl_aer.png','Oblique aerial photograph of Paarl',3),(383,12,'M12_006','M12_006_R328','M12_006_R328_PaarlMExt_top_thumb.png','M12_006_R328_PaarlMExt_top.png','Paarl 3318DB topographic map extract',1),(384,12,'M12_007','M12_007_R329','M12_007_R329_ConSigSym_top_thumb.png','M12_007_R329_ConSigSym_top.png','Conventional signs and symbols used on 1&#8201,:&#8201,50&#160,000 topographic maps ',1),(385,12,'M12_008','M12_008_R330','M12_008_R330_ConLSketch_top_thumb.png','M12_008_R330_ConLSketch_top.png','Contour line sketches',1),(386,12,'M12_008','M12_008_R331','M12_008_R331_ConPatSlp_top_thumb.png','M12_008_R331_ConPatSlp_top.png','Contour patterns of slopes',1),(387,12,'M12_008','M12_008_R332','M12_008_R332_ConPatLnd_top_thumb.png','M12_008_R332_ConPatLnd_top.png','Contour patterns of landforms',1),(388,12,'M12_009','M12_009_R333','M12_009_R333_KrngbrgM_top_thumb.png','M12_009_R333_KrngbrgM_top.png','Koringberg topographic map extract ',1),(389,12,'M12_010','M12_010_R334','M12_010_R334_ConSketch_top_thumb.png','M12_010_R334_ConSketch_top.png','Contour sketch and corresponding cross-section ',1),(390,12,'M12_010','M12_010_R335','M12_010_R335_SktchXsec_top_thumb.png','M12_010_R335_SktchXsec_top.png','Contour sketches and cross-sections',1),(391,12,'M12_011','M12_011_R048','M12_011_R046_CnstrCSs_ani_thumb.png','M10_015_R500_CnstrCSs_ani.mp4','Constructing cross-sections on topographic maps',5),(392,12,'M12_011','M12_011_R336','M12_011_R336_MirrorXsec_gen_thumb.png','M12_011_R336_MirrorXsec_gen.png','Mirror image cross-sections',7),(393,12,'M12_011','M12_011_R337','M12_011_R337_VryhdMX_top_thumb.png','M12_011_R337_VryhdMX_top.png','Vryheid 2730DD topographic map extract',1),(394,12,'M12_011','M12_011_R338','M12_011_R338_Xsection_gen_thumb.png','M12_011_R338_Xsection_gen.png','Cross-section (trig. beacon 381 to spot height 1&#160,368)',7),(395,12,'M12_011','M12_011_R339','M12_011_R339_XsecM_top_thumb.png','M12_011_R339_Xsec_top.png','Cross-section superimposed on topographic map',1),(396,12,'M12_012','M12_012_R240','M12_012_R240_BlydRvrCyn_gen_thumb.png','M12_012_R240_BlydRvrCyn_gen.png','Photo of Blyde River Canyon',7),(397,12,'M12_012','M12_012_R340','M12_012_R340_Intrvsblty_gen_thumb.png','M12_012_R340_Intrvsblty_gen.png','Intervisibility sketch',7),(398,12,'M12_012','M12_012_R341','M12_012_R341_consktch_gen_thumb.png','M12_012_R341_consktch_gen.png','Contour sketch',7),(399,12,'M12_012','M12_012_R333','M12_012_R333_KrngbrgM_top_thumb.png','M12_012_R333_KrngbrgM_top.png','Koringberg topographic map extract',1),(400,12,'M12_013','M12_013_R342','M12_013_R342_HngGldr_pho_thumb.png','M12_013_R342_HngGldr_pho.png','Hang glider photo',9),(401,12,'M12_013','M12_013_R343','M12_013_R343_RckBch_pho_thumb.png','M12_013_R343_RckBch_pho.png','Rocky beach photo',9),(402,12,'M12_013','M12_013_R344','M12_013_R344_SlpClass_top_thumb.png','M12_013_R344_SlpClass_top.png','Slope classification',1),(403,12,'M12_013','M12_013_R333','M12_013_R333_KrngbrgM_top_thumb.png','M12_013_R333_KrngbrgM_top.png','Koringberg topographic map extract',1),(404,12,'M12_014','M12_014_R345','M12_014_R345_SchzrRnkv_aer_thumb.png','M12_014_R345_SchzrRnkv_aer.png','Schweizer-Reneke vertical aerial photograph',3),(405,12,'M12_014','M12_014_R346','M12_014_R346_SchzrRnkVe_aer_thumb.png','M12_014_R346_SchzrRnkVe_aer.png','Enlarged extract from Schweizer-Reneke aerial photograph',3),(406,12,'M12_015','M12_015_R347','M12_015_R347_SchzrRnkX_ort_thumb.png','M12_015_R347_SchzrRnkX_ort.png','Schweizer-Reneke orthophoto map extract',2),(407,12,'M12_016','M12_016_R348','M12_016_R348_SchzrRnkM_top_thumb.png','M12_016_R348_SchzrRnkM_top.png','Schweizer-Reneke orthophoto and topographic map extracts',1),(408,12,'M12_017','M12_017_R015','M12_017_R015_ConvSign_top_thumb.png','M12_017_R015_ConvSign_top.png','Conventional signs',1),(409,12,'M12_017','M12_017_R121','M12_017_R121_MrsbrgTMEX_top_thumb.png','M12_017_R121_MrsbrgTMEX_top.png','Moorreesburg topographic map extract',1),(410,12,'M12_017','M12_017_R349','M12_017_R349_MrrsbrgMEx_ort_thumb.png','M12_017_R349_MrrsbrgMEx_ort.png','Moorreesburg orthophoto map extract',2),(416,8,'A08_002','A08_002_R007','A08_002_R007_GCliRgns_ani_thumb.png','A08_002_R007_GCliRgns_ani.mp4','Identifying world climates',5),(417,8,'M08_009','M08_009_R003','M08_009_R003_TimeArndW_ani_thumb.png','M08_009_R003_TimeArndW_ani.mp4','Calculating time around the world',5),(418,9,'M09_004','','M09_004_Aerial_photos_thumb.png','M09_004_Aerial_photos.mp4','Aerial photos and topographic maps together create an orthophoto',5),(419,10,'M10_004','M10_004_R502','M10_004_R502_MRefNmbrs_ani_thumb.png','M10_004_R502_MRefNmbrs_ani.mp4','Determining map reference numbers',5),(420,8,'M08_010','','M08_010_Revolution_of_the_Earth_thumb.png','M08_010_Revolution_of_the_Earth_ani.mp4','Revolution of the Earth',5);
/*!40000 ALTER TABLE `da_resource` ENABLE KEYS */;
UNLOCK TABLES;

--
-- Table structure for table `data`
--

DROP TABLE IF EXISTS `data`;
/*!40101 SET @saved_cs_client     = @@character_set_client */;
/*!40101 SET character_set_client = utf8 */;
CREATE TABLE `data` (
  `data_id` int(11) NOT NULL AUTO_INCREMENT,
  `point` varchar(50) NOT NULL,
  `text` text NOT NULL,
  `width` int(11) NOT NULL,
  `height` int(11) NOT NULL,
  `type` varchar(10) NOT NULL,
  `id` int(11) NOT NULL,
  `username` varchar(45) NOT NULL,
  `grade` int(11) NOT NULL,
  PRIMARY KEY (`data_id`),
  KEY `fk_username_data` (`username`),
  CONSTRAINT `fk_username_data` FOREIGN KEY (`username`) REFERENCES `users` (`username`)
) ENGINE=InnoDB AUTO_INCREMENT=44 DEFAULT CHARSET=utf8;
/*!40101 SET character_set_client = @saved_cs_client */;

--
-- Dumping data for table `data`
--

LOCK TABLES `data` WRITE;
/*!40000 ALTER TABLE `data` DISABLE KEYS */;
INSERT INTO `data` VALUES (3,'44.1767790262172px,64px','this is my note',100,100,'note',5,'nguni52',8),(4,'59px,42.8px','NOTE 18 AUGUST 2015',100,100,'note',7,'sylvana',11),(5,',','TEST NOTE 13 August - UPDATING THIS NOTE',100,100,'note',1,'sylvana',11),(6,'59px,42.8px','NOTE ON PAGE 10 ',100,100,'note',9,'sylvana',11),(8,'172px,359px','note page 4',100,100,'note',3,'sylvana',11),(16,'59px,42.9px','Palte boundaries move resulting in earthquakes',100,100,'note',71,'cassandra.shaw@pearson.com',10),(18,'96px,48px','Earthquakes',101,101,'note',69,'heather',12),(20,'44.1768px,64px','this is my note test11',100,100,'note',-1,'ighsaan.robinson@pearson.com',10),(39,'44.1768px,64px','this is my note',100,100,'note',9,'nguni52',8),(40,'44.1768px,64px','This is my note... page 4 and 5.',275,254,'note',3,'nguni52',8),(42,'44.175px,65px','TeST NOTE ON 22-23',100,100,'note',21,'sylvana',11),(43,'44.1768px,64px','Test',100,100,'note',5,'sylvana',11);
/*!40000 ALTER TABLE `data` ENABLE KEYS */;
UNLOCK TABLES;

--
-- Table structure for table `glossary`
--

DROP TABLE IF EXISTS `glossary`;
/*!40101 SET @saved_cs_client     = @@character_set_client */;
/*!40101 SET character_set_client = utf8 */;
CREATE TABLE `glossary` (
  `id` int(11) NOT NULL AUTO_INCREMENT,
  `letter` varchar(3) NOT NULL,
  `title` varchar(45) NOT NULL,
  `description` text NOT NULL,
  PRIMARY KEY (`id`)
) ENGINE=InnoDB AUTO_INCREMENT=857 DEFAULT CHARSET=utf8;
/*!40101 SET character_set_client = @saved_cs_client */;

--
-- Dumping data for table `glossary`
--

LOCK TABLES `glossary` WRITE;
/*!40000 ALTER TABLE `glossary` DISABLE KEYS */;
INSERT INTO `glossary` VALUES (312,'A','Absolute position','Exact position described by latitude and longitude co-ordinates '),(313,'A','Active sensing','Sensing signals transmitted from a device and reflected back to it'),(314,'A','Aerial photograph','A photograph taken from an aircraft'),(315,'A','Aggregation','Merging or adding smaller units together to form bigger units'),(316,'A','Alphanumeric grid','A grid of numbered rows and lettered columns (or vice versa) superimposed on a map and used to find and identify features'),(317,'A','Altitude','Height above sea level'),(318,'A','Area','The surface space occupied by a feature'),(319,'A','Area data','Features on a map that have a closed, two-dimensional shape'),(320,'A','Atlas index','A list of all the places and geographic features found on the maps in the atlas in alphabetical order'),(321,'A','Attribute data','Tabular or textual data describing the geographic characteristics or non-spatial information of features. Data that is stored as tables or as written text within the GIS database '),(322,'A','Attribute query','Selecting records based on the values of the data?s attributes'),(323,'A','Attributes','Also known as \'fields\' or \'columns\', the attributes that make up a record in a GIS and describe a feature.'),(324,'A','Average gradient','The average steepness of a slope we use terms such as gentle, moderate and steep to describe the gradient of slopes'),(325,'A','Axis','An imaginary line between the north and south pole around which the Earth rotates'),(326,'B','Bench mark','A mark on a map, indicated by an arrowhead, that gives the height of a significant place along a transport route'),(327,'B','Binary data','Encoded computer data that a human can\'t read. Images are normally stored in binary formats.'),(328,'B','Biomass','A type of energy made from renewable plant and animal materials'),(329,'B','Biomes','A large community of plants and animals living in an area'),(330,'B','Brandt line','An imaginary division that has provided a rough way of dividing all of the countries in the world into the rich north and poor south'),(331,'B','Buffer','A zone generated around a map object'),(332,'C','Cartogram','A map on which statistical information is shown in diagrammatic form'),(333,'C','Cartography','The art and science of map making'),(334,'C','Classification','Grouping continuous data into classes'),(335,'C','Climate','The long-term study of weather conditions for a region'),(336,'C','Climate change vulnerability','The degree to which geophysical, biological and socio-economic systems are susceptible to, and unable to cope with, adverse impacts of climate change'),(337,'C','Climatic regions','Areas with similar temperature and rainfall characteristics (largely determined by latitude)'),(338,'C','Co-ordinates','The point where lines of latitude/parallels and lines of longitude/meridians join or intersect'),(339,'C','Commercial farming','The production of crops, farm animals and dairy products for sale with the sole purpose to make a profit'),(340,'C','Commodity','Goods that are bought or sold'),(341,'C','Concave slope','The contours are close together at higher ground and then get further and further apart.'),(342,'C','Constructed features','Features of the landscape made by people'),(343,'C','Continentality','The effect distance from the sea has on climate. Coastal areas have maritime climates while inland areas have continental climates.'),(344,'C','Contour interval','The difference in height between the contour lines (also know as the vertical interval)'),(345,'C','Contour lines','Lines on maps that join places of equal height above sea level, they are brown on topographic maps and have an interval of 20 m'),(346,'C','Conventional energy sources','Traditional energy resources such as coal, oil and natural gas'),(347,'C','Conventional signs','A standardised set of icons or symbols used to represent features on a map'),(348,'C','Cross-section','A profile or side view of a relief feature or series of features'),(349,'D','Data','Any collection of related facts arranged in a particular format that are produced, stored or processed by a computer'),(350,'D','Data capture','Any operation that converts GIS data into computer-readable form'),(351,'D','Data integration','A process of putting data together'),(352,'D','Datum','A model of the surface of the Earth on which measurements are based'),(353,'D','DEM','Digital elevation model, a 3D representation of the surface of a terrain, in which each pixel represents elevation'),(354,'D','Demography','The study of population numbers and change'),(355,'D','Developed countries','Countries with a high level of health and wealth'),(356,'D','Developing countries','Countries with a low level of health and wealth but the development indicators show an improvement'),(357,'D','Digitising','The process of converting geographic features on a paper map into a digital format using a digitising tablet or a digitiser linked to a computer'),(358,'D','Direction','The relative position of one place to or from another'),(359,'D','Dispersed settlement pattern','Individual settlements or buildings are places far apart from each other'),(360,'D','Distribution','The spread of the data over its range'),(361,'E','Eco-hotspot','A biogeographic region with a significant reservoir of biodiversity that is under threat from humans'),(362,'E','Economic','To do with wealth and income'),(363,'E','Economic factors','To do with the wealth in a society ? how much people earn and the average standard of living in a country'),(364,'E','Editing data','Techniques designed to validate data, as well as correct errors and improve data quality '),(365,'E','Electromagnetic spectrum','The entire distribution of radiation or energy according to frequency or wavelength (from radio waves to gamma waves)'),(366,'E','Energy consumption','The rate at which energy is used up'),(367,'E','Environmental','To do with resources and the impact of human activities on the environment'),(368,'E','Equator','The intersection of the globe?s surface with the plane perpendicular to the axis of rotation and midway between the poles'),(369,'E','Equinox','The sun\'s rays are directly over the equator  the length of day and night is the same number of hours'),(370,'E','Escarpment','A large continuous feature that separates a large low-lying area from a large high-lying area'),(371,'F','Feature','A spatial entity in a GIS that represents, or \'models\', something in space (\'space\' in this context usually being the surface of the Earth)'),(372,'F','Fracking','The process of injecting liquid at high pressure into rocks (shales) to force open existing fissures and extract oil or gas'),(373,'G','Gentle slope','A slope that has a small height difference between two places and the contour lines are far apart'),(374,'G','Geo-reference','Data that is linked to a geographic co-ordinate'),(375,'G','Geostationary satellites','Satellites that are positioned at a higher-altitude and hover over the same area'),(376,'G','Global maps','Small-scale maps of the world, maps of the continents'),(377,'G','Global trade','The worldwide exchange of goods and services'),(378,'G','Globalisation','The increasing connection between countries that has been made possible by improved transport, technology and the influence of powerful companies'),(379,'G','Google Earth','Google Earth lets you fly anywhere on Earth to view satellite imagery, maps, terrain, 3D buildings, from galaxies in outer space to the canyons of the ocean'),(380,'G','GPS','Global positioning system, a system of satellites used to determining positions on Earth'),(381,'G','Gradient','The angle or steepness of a slope'),(382,'G','Greenwich Meridian','The 0? line of longitude that passes through Greenwich, a suburb of London, and through both poles'),(383,'G','Grid referencing','The numbering of degree squares formed by the intersections of lines of latitude and longitude'),(384,'G','Gross domestic product (GDP)','The value of all the finished goods and services produced within a country\'s borders in one year'),(385,'G','Gross national income (GNI)','The value of all goods and services produced in a country in one year'),(386,'G','Ground distance','The distance between two features in reality (on the Earth\'s surface), usually measured in kilometres'),(387,'G','Ground uplink station (GUS)','A precisely surveyed ground station that monitors and collects information from navigation satellites'),(388,'H','Hachures','Short black or brown lines used to represent downward sloping or elevated relief (The lines point downslope.)'),(389,'H','Hemisphere','A \'half\' of the Earth ? the equator divides the Earth into the northern and southern hemisphere, the Greenwich meridian and the 180? line of longitude divides the Earth into the western and eastern hemispheres'),(390,'H','High angle oblique aerial photograph','A photograph that is taken when the camera lens is tilted approximately 60? to the vertical (the horizon can be seen)'),(391,'H','Horizontal photograph','A photograph that is taken when the camera is parallel to the horizon'),(392,'H','Horizontal rock strata','Layers of rock that were deposited one on top of the other to the horizon'),(393,'H','Human development index (HDI)','An index that measures wealth, education and health'),(394,'I','Imported','Goods and commodities brought into the country from other countries for sale'),(395,'I','Inclined rock strata','Horizontal rock strata that have been tilted to form asymmetrical features'),(396,'I','Index','An alphabetical list of places and features with reference to the pages on which they can be found'),(397,'I','Index contours','Bold contour lines on topographic maps that are at 100 m intervals'),(398,'I','Infant mortality rate','The number of infants dying before reaching one year of age'),(399,'I','Infrastructure ','The basic physical and organiSational structures and facilities (e.g. buildings, roads, power supplies) needed for the operation of a society or enterprise'),(400,'I','International Date Line','The 180? line of longitude opposite the Greenwich Meridian where time changes by one day between the eastern and western hemispheres'),(401,'I','Internet','The world wide interconnection of individual networks operated by government, industry, academia and private parties'),(402,'I','Interoperability','A situation where diverse organisations and systems can share data and work together seamlessly'),(403,'I','Interpolation','A method of constructing new data points within the range of a discrete set of known data points'),(404,'I','Intervisibility','The ability to see between two seperate points on a landscape without any part of the landscape blocking the view'),(405,'I','Irregular area','The area of an object or feature whose shape is organic (not regular) ? the organic shape does not allow us to use the formula A = L X W to determine the area of the feature'),(406,'K','Key','The list of conventional signs applicable to a specific map'),(407,'L','Land use','The main function that the land is used for'),(408,'L','Landsat image','A satellite image that collects data from a range of observation bands'),(409,'L','Landscape features','Physical features that can be identified on the land'),(410,'L','Large-scale maps','Maps that show small areas but a lot of detail, e.g. street maps'),(411,'L','Latitude','The angular distance measured in degrees north of south from the centre of the Earth, the resultant lines form concentric circles and are also called parallels.'),(412,'L','LEDC','Less Economically Developed Country'),(413,'L','LIDAR','Light Detecting And Ranging, a type of aircraft-based remote sensing, using laser-driven pulses of light'),(414,'L','Line','A series of (x, y) co-ordinates joined together, with each having the same (z) feature (e.g. a road or river)'),(415,'L','Line data','A map feature that has length but not area, such as a river on a world map or a contour on a topographic map'),(416,'L','Line scale','A linear diagram on a map that shows what a distance measured on the map would be in reality'),(417,'L','Line scale','A line marked off in centimetre markings showing what each centimetre represents on the ground'),(418,'L','Line/linear scale','A line marked off in centimetre markings showing what each centimetre represents on the ground'),(419,'L','Livestock farming','Livestock such as cattle, sheep, pigs and goats are raised in an agricultural setting to produce food and animal products (milk)'),(420,'L','Local maps','Larger-scale maps of provinces, maps of one country'),(421,'L','Longitude','The angular distance measured in degrees east and west from the central meridian'),(422,'L','Low angle oblique aerial photograph','A photograph that is taken when the camera lens is tilted approximately 30? to the vertical (the horizon is not visible)'),(423,'M','Magnetic bearing','Bearing measured from magnetic north, i.e. true bearing plus magnetic declination'),(424,'M','Magnetic declination','The angle between true north and magnetic north'),(425,'M','Map distance','The distance between two features on the map ? it is scale dependent and usually measured in centimetres'),(426,'M','Map reference number','The unique four-digit, two-letter title given to each 1:50 000 topographic map in South Africa'),(427,'M','Map scale ','The relationship between distance on a map and the corresponding distance on the ground'),(428,'M','Massive igneous strata','Igneous rocks that cover a large area and were formed at great depth beneath the Earth\'s surface'),(429,'M','MEDC','More Economically Developed Country'),(430,'M','Mediterranean','Areas that experience hot, dry summers and warm, wet winters'),(431,'M','Mesa','A flat-topped hill that is wider than it is high'),(432,'M','Minimum mapping unit','The smallest object that is mapped, also known as the smallest addressable unit'),(433,'M','Model','A smaller realistic copy of a real object or feature'),(434,'M','Multispectral imaging','Measuring and interpreting many bands or segments from the electromagnetic spectrum'),(435,'N','National park','An area of countryside, or occasionally sea or fresh water, protected by the state for the enjoyment of the general public or the preservation of wildlife'),(436,'N','National poverty line','A minimum income level used as an official standard for determining the percentage of the population living in poverty'),(437,'N','Natural features','Naturally occurring features of the landscape, such as watercourses and indigenous vegetation'),(438,'N','Natural resources','Substances from the Earth that can be useful to people'),(439,'N','Natural vegetation','Plants that occur naturally in an area, that grow without being planted or maintained by humans'),(440,'N','Nodes','The beginning or end points of an edge or one of the three corners of a triangle'),(441,'N','Nomadic farming','When a farmer or herder moves from one place to another to find better pasturage'),(442,'N','Non-conventional energy sources','Renewable energy resources available in nature, for example wind, solar, waves'),(443,'N','Non-perennial river','A river that only flows in the wet season, depicted by a dashed blue line on a map'),(444,'N','Non-renewable resources','Resources that are in limited supply'),(445,'N','Nucleated settlement pattern','Settlements and buildings are situated close to each other'),(446,'O','Oblique aerial photograph','A photograph taken from an aircraft when the camera lens is tilted away from the vertical.'),(447,'O','Orient','To position or align maps and photographs in relation to each other'),(448,'O','Orthophoto image','A rectified image based on an aerial photograph'),(449,'O','Orthophoto map','A combination of a vertical aerial photograph and a topographic map'),(450,'O','Orthophoto map','A vertical aerial photograph at a scale of 1:10 000 that has contour lines at 5 m intervals and other information (conventional signs and names of roads and places) superimposed onto it'),(451,'O','Overlays','Spatial data layers'),(452,'P','Panchromatic','Sensors that are sensitive to light of all wavelengths in the visible spectrum'),(453,'P','Pass','A low-lying area between two higher lying hills (also known as saddle)'),(454,'P','Passive sensing','Sensing radiation that is naturally emitted or reflected by Earth or the atmosphere'),(455,'P','Pattern','A significantly different shape from the norm'),(456,'P','Perennial river','A river that flows all year round, depicted by a solid blue line on a map'),(457,'P','Perpendicular','Vertical line, forming a right angle with the horizontal plane'),(458,'P','Pixels','The smallest unit in which raster data is stored, making up a regular grid of cells that are referenced in rows and columns'),(459,'P','Plan view','The view from above an object or feature'),(460,'P','Point','A feature displayed at one particular (x, y) location (e.g. information received from a GPS)'),(461,'P','Point data','A map feature that has no length or area, such as a spot height on a topographic map'),(462,'P','Polar-orbiting satellites','Satellites placed at 500?800 km above Earth, also called lower-orbiting satellites'),(463,'P','Polygon','A series of (x, y) co-ordinates that join together to complete a boundary (e.g. a vegetation type or land use zone)'),(464,'P','Primary data sources','Datasets collected in digital format specifically for use in a GIS project'),(465,'P','Profile view','The side view of an object or feature'),(466,'P','Projection','A method by which the curved surface of the Earth is portrayed on a flat surface'),(467,'Q','Querying','Selecting or filtering data'),(468,'R','Ratio','A relationship between two quantities that compares one number to another number of the same unit'),(469,'R','Ratio scale','A scale that represents the same unit of measurement on both the map and the ground. For topographic maps the ratio scale is 1:50 000.'),(470,'R','Record','One row of data in a database or spreadsheet or text file'),(471,'R','Regional maps','Medium-scale maps of parts of a continent, for example, southern Africa'),(472,'R','Relative position','Describing position in relation to other places or features using compass directions or degrees (bearing)'),(473,'R','Relief','The shape of the Earth?s surface'),(474,'R','Remote sensing','The collecting and interpretation of information about features on or near the Earth from a distance above'),(475,'R','Renewable resources','Resources that will not run out if used wisely'),(476,'R','Representative fraction','The scale of a map expressed as a fraction'),(477,'R','Resolution','Determines the amount of detail that can be viewed. The larger the map scale, the higher the possible resolution.'),(478,'R','Resource inventories','A catalogue or list of assets (for example, mineral reserves)'),(479,'R','Revolution','One complete circular movement or orbit around an object'),(480,'R','River catchment','The area drained by a river or river network'),(481,'R','River valleys','The V of the contour always points up the valley towards higher ground'),(482,'R','Rotation','Turning or spinning motion around a fixed point'),(483,'R','Route distance','The distance measured between two points on a map along a feature such as a river, transport route or coastline'),(484,'S','Saddle','A low-lying area between two higher lying hills (also known as pass)'),(485,'S','Satellite','An artificial body placed in orbit around Earth or another planet in order to collect information or for communication'),(486,'S','Scale','Scale: A way of accurately representing objects smaller than their real size.'),(487,'S','Seasonal average temperature','Temperature reading based upon a long history of observations, possibly over more than 100 years'),(488,'S','Secondary sources','Datasets that were originally captured for another purpose and need to be converted into a suitable digital format for use in a GIS project'),(489,'S','Sensor','An electronic device for detecting energy and converting it into a signal that can be displayed as an image'),(490,'S','Settlement','The size, pattern and location of where people settle'),(491,'S','Shadows','Shadows help you to identify the height of features - the higher the features the longer the shadow.'),(492,'S','Sight line','An unobstructed view between two points'),(493,'S','Small-scale map','A map on which less detail can be shown of larger areas, e.g. a world map in an atlas (1:80 000 000)'),(494,'S','Social','Related to communities and their welfare'),(495,'S','Social factors','To do with the living conditions in a society ? access to education, health care and employment'),(496,'S','Software','Computer program used to store, analyse and process information'),(497,'S','Solstice','When one hemisphere has the longest number of hours of daylight and the opposite hemisphere has the shortest number of hours of daylight'),(498,'S','Sonar','Using sensors to detect features by bouncing sound pulses respectively'),(499,'S','South African Standard Time (SAST)','The time every place in South Africa uses, based on the 30E line of longitude'),(500,'S','Spatial','Referring to place or location or position in space'),(501,'S','Spatial data','Data that is usually stored as co-ordinates and is data that can be mapped. Data that describes the shape and location of features'),(502,'S','Spatial database','Where GIS professionals and large organisations store and manage their GIS data'),(503,'S','Spatial query','Selecting records based on the location of the data'),(504,'S','Spatial resolution','The scale you are working at'),(505,'S','Specialised farming','When a farmer specialises in a certain type of crop such as organic farming'),(506,'S','Spectral resolution','The number of bands in the electromagnetic spectrum detected by the sensor'),(507,'S','Spectral signatures','The specific combination of emitted, reflected or absorbed electromagnetic radiation at varying wavelengths that can uniquely identify an object'),(508,'S','Spheroid','A shape that approximates a sphere. The Earth is a slightly unevenly \'squashed\' sphere. The radius to the poles is shorter than the radius to the equator. Earth\'s particular spheroid is also known as a \'geoid\'.'),(509,'S','Spot height','A dot on a map with a height next to it representing the height of a point on the Earth\'s surface'),(510,'S','Spurs','The contour pattern showing spurs is U-shaped, pointing down slope towards lower ground.'),(511,'S','Statistical analysis','A collection of methods used to process large amounts of data and report overall trends'),(512,'S','Steep slope','A slope that has a big difference in height between two places and the contour lines are close together'),(513,'S','Straight line distance','The direct distance measured between two points on a map, sometimes referred to \'as the crow flies\''),(514,'S','Subsistence farming','Self-sufficiency farming in which the farmers focus on growing enough food to feed themselves and their families'),(515,'S','Sustainable','Able to be used at the same rate for a long time without threatening the supply'),(516,'T','Temperature range','The difference between high and low temperatures for a particular place'),(517,'T','Temporal data','Data that specifically refers to times and dates'),(518,'T','Temporal resolution','The time it takes for a satellite to take an image of the exact same area on the Earth'),(519,'T','Texture','The impression (or \'feel\') of smoothness or roughness of features on a photograph. Other words used to describe texture include: coarse, fine, mottled, patchy, striped or spotted.'),(520,'T','Tilt','Inclined at an angle'),(521,'T','Time zone','One of the 24 divisions of earth that have the same time'),(522,'T','TIN','Triangulated irregular network, in which points are joined as triangles, often used in \'gaming\' to represent relief and the terrain'),(523,'T','Tone ','The degree of lightness (brightness) or darkness of individual features or areas in a photograph'),(524,'T','Topographic','Shape of the land'),(525,'T','Topographical map','A map showing both physical and human features at a scale of 1:50 000'),(526,'T','Topographical maps','Detailed and accurate representations of natural and constructed features produced on large sheets of paper, they also show contour lines and usually have a co-ordinate grid so that absolute position of features may be determined'),(527,'T','Tracking','Following the route of a moving object on a map'),(528,'T','Trade','The exchange of goods and services'),(529,'T','Trigonometrical beacons','Symbolised by a triangle on a map, the centre of the triangle gives the height of the highest point in the surrounding landscape'),(530,'T','Tropical','Areas that lie between the Tropic of Cancer and the Tropic of Capricorn.'),(531,'T','True bearing','The angle measured clockwise from true north between two specific points'),(532,'T','Tundra','A region that experiences long ,bitterly cold winters with temperatures averaging -20C and where the subsoil is permanently frozen'),(533,'V','Vector data','Features such as points, lines and polygons'),(534,'V','Vertical aerial photograph','A photograph taken from an aircraft when the camera lens is perpendicular to the Earth\'s surface'),(535,'V','Vertical aerial photograph','A photograph used for compiling and updating maps, taken at 90 to the ground from a plane or helicopter.'),(536,'V','Vertical exaggeration','The extent to which the vertical scale of a cross-section is enlarged'),(537,'V','Vertical height difference','The difference in height between the height and lowest points on a map. This can be read off the contour lines or off a cross-section.'),(538,'V','Vertical interval','The difference in height between the contour lines'),(539,'W','Wind rose','A circular image that shows the frequency of wind speed and directions at a particular place over a certain time period'),(540,'W','Word scale','The scale of a map expressed in a sentence'),(541,'W','World Heritage Site','A place of importance to cultural or natural heritage described in the UNESCO World Heritage Convention'),(542,'Z','Zone ','Areas that have a particular function'),(543,'J','',''),(544,'U','',''),(545,'X','',''),(546,'Y','','');
/*!40000 ALTER TABLE `glossary` ENABLE KEYS */;
UNLOCK TABLES;

--
-- Table structure for table `help_category`
--

DROP TABLE IF EXISTS `help_category`;
/*!40101 SET @saved_cs_client     = @@character_set_client */;
/*!40101 SET character_set_client = utf8 */;
CREATE TABLE `help_category` (
  `id` int(11) NOT NULL AUTO_INCREMENT,
  `category` varchar(45) NOT NULL,
  PRIMARY KEY (`id`)
) ENGINE=InnoDB AUTO_INCREMENT=6 DEFAULT CHARSET=utf8;
/*!40101 SET character_set_client = @saved_cs_client */;

--
-- Dumping data for table `help_category`
--

LOCK TABLES `help_category` WRITE;
/*!40000 ALTER TABLE `help_category` DISABLE KEYS */;
INSERT INTO `help_category` VALUES (1,'Demo Video'),(2,'FAQ'),(3,'How can we help?'),(4,'Feedback'),(5,'Credits');
/*!40000 ALTER TABLE `help_category` ENABLE KEYS */;
UNLOCK TABLES;

--
-- Table structure for table `help_faq_category`
--

DROP TABLE IF EXISTS `help_faq_category`;
/*!40101 SET @saved_cs_client     = @@character_set_client */;
/*!40101 SET character_set_client = utf8 */;
CREATE TABLE `help_faq_category` (
  `id` int(11) NOT NULL AUTO_INCREMENT,
  `category` varchar(45) NOT NULL,
  PRIMARY KEY (`id`)
) ENGINE=InnoDB AUTO_INCREMENT=4 DEFAULT CHARSET=utf8;
/*!40101 SET character_set_client = @saved_cs_client */;

--
-- Dumping data for table `help_faq_category`
--

LOCK TABLES `help_faq_category` WRITE;
/*!40000 ALTER TABLE `help_faq_category` DISABLE KEYS */;
INSERT INTO `help_faq_category` VALUES (1,'Product'),(2,'Skills'),(3,'Trouble shooting');
/*!40000 ALTER TABLE `help_faq_category` ENABLE KEYS */;
UNLOCK TABLES;

--
-- Table structure for table `help_faq_questions`
--

DROP TABLE IF EXISTS `help_faq_questions`;
/*!40101 SET @saved_cs_client     = @@character_set_client */;
/*!40101 SET character_set_client = utf8 */;
CREATE TABLE `help_faq_questions` (
  `id` int(11) NOT NULL AUTO_INCREMENT,
  `category_id` int(11) NOT NULL,
  `title` text NOT NULL,
  `description` text NOT NULL,
  PRIMARY KEY (`id`),
  KEY `fk_help_faq_category_id` (`category_id`),
  CONSTRAINT `fk_help_faq_category_id` FOREIGN KEY (`category_id`) REFERENCES `help_faq_category` (`id`)
) ENGINE=InnoDB AUTO_INCREMENT=46 DEFAULT CHARSET=utf8;
/*!40101 SET character_set_client = @saved_cs_client */;

--
-- Dumping data for table `help_faq_questions`
--

LOCK TABLES `help_faq_questions` WRITE;
/*!40000 ALTER TABLE `help_faq_questions` DISABLE KEYS */;
INSERT INTO `help_faq_questions` VALUES (1,1,'How can I buy the Platinum Interactive Skills Atlas?','Please go the Pearson eStore at http://shop.pearson.co.za/ or click on the BUY NOW button on the Login page.'),(2,1,'Is there a demo version available for me to play with?','There is no demo available, but have a look at the Interactive Skills Atlas video to see what the product offers.'),(3,1,'How is this different to Google Maps?','The Interactive Skills Atlas is written specifically for South African learners and follows the CAPS curriculum. It covers Atlas, Map and GIS Skills for grades 8 - 12.'),(4,1,'What if I have a question about my Platinum Interactive Skills Atlas?','You can send us an email using \'How can we help you\' and we will get back to within 48 hours to resolve your question.'),(5,1,'Can I download the videos in the product? ','No, you will need to access it online at www.digitalatlas.pearson.co.za'),(6,1,'What do I need to do to get access to the Platinum Interactive Skills Atlas?','You will need to buy the product through the Pearson eStore at http://shop.pearson.co.za/ and click on the link sent to you to register your product. You would then be able to access the Interactive Skills Atlas.'),(7,1,'Can I share my Platinum Interactive Skills Atlas with anyone else?','No, the access belongs to you as the owner.'),(8,1,'Can I use the Platinum Interactive Skills Atlas on multiple devices at the same time?','No. You can only have it active on 1 device at a time.'),(9,1,'When does my licence period become active?','The licence period will run from the date you registered your product.'),(10,1,'Is the Digital Atlas secure?','Yes, as you create a personalised profile and password known only to you.'),(11,1,'What devices can I use the Platinum Interactive Skills Atlas on?','Windows desktop, laptops and Android tablets.'),(12,1,'Will the Platinum Interactive Skills Atlas work on Apple devices?','No, it is not yet optimised for Apple devices.'),(13,1,'Does this product work on windows platforms?','Yes.'),(14,1,'The FAQ is not solving my problem, how can I can get in contact Customer Support?','Use the \'How can I help you\' feature to send us an email detailing your issue and we will get back to you within 48 hours.'),(15,1,'Will I be abe to print my notes?','We will make printing notes as an option in future versions of the product'),(16,1,'How do I know when there will be product updates ?','New content will be pushed to you.'),(17,1,'How do I find the help?','Click on the \'Support\' button at the top right of the login screen, or on the \'Help\' button on the Learner Dashboard.'),(18,1,'How do I contact the Customer Support when I need help?','Click on the \'Support\' button at the top right of the login screen, or on the \'Help\' button on the Learner Dashboard.'),(19,1,'Will there be product updates and how do I access them?','Product updates will be pushed to you as the customer. You do not have to do anything.'),(20,1,'How can I get copy of payment receipt','An email will be sent to you confirming your purchase and will have your payment receipt.'),(21,1,'What currencies can I use to buy this product?','South African rands only.'),(22,1,'Do I get a discount if I buy for more than one child simultaneously?','We can offer discounts on bulk purchasing for schools.'),(23,1,'What payment methods are available?','You can pay using a credit or debit card or an EFT transfer.'),(24,1,'What skills does the Interactive Skills Atlas focus on?','The skills covered are Mapwork skills that learners need in order to answer their Paper 2 grade 12 final exam and include Atlas, Map and GIS skills across grades 8 - 12.'),(25,1,'How many grades will be available on this product?','The Interactive Skills Atlas comprehensively covers the mapwork skills required from grades 8 - 12.'),(26,1,'What languages are supported?','English.'),(27,1,'How do I navigating through the Interactive Skills Atlas?','There are multiple ways one can navigate through the Interactive Skills Atlas using the Learner Dashboard.'),(28,1,'Do I have to do the Skills in any particular order?','No, you can select which Skills Activities you would like to practice.'),(29,1,'How do I personalise my Interactive Skills Atlas?','Create your own profile and choose your avatar or add your own image'),(30,1,'How many times can I practice a skill?','As many times as you would like to.'),(31,1,'How do I change my password?','Go into your profile page and \'Change your password\'. '),(32,1,'What if I forget my password?','On the Login page click on the \'Forgot Password\' button, enter your email address and click send. We will  send you your password.'),(33,1,'Can I only see my ePub notes in the ePub.','You can see your ePub notes and your Skills notes all  together in the \'My Notes\' feature on the learner dashboard..'),(34,1,'Is the glossary only available for the grade you have purchased?','The glossary is a comprehensive glossary for grades 8 - 12 terms and is available irrespective of the product you have purchased.'),(35,1,'Are the Resources only for the grade you have purchased?','No, the Reources feature has all the resources from grades 8 - 12 available to everyone.'),(36,1,'What do I do if I enter the incorrect username or password?','We will send you a message to tell you the incorrect username or password has been entered and give you the opportunity to enter the correct username or password.'),(37,1,'Do I have to complete the Skills Activities in the any specific order. ','No. You can choose which Skills Activities you would like to practice.'),(38,1,'Must I complete a Skills Activity before I can get a badge?','Yes. You can only earn badges on completed Skills Activities.'),(39,1,'Must I complete all the questions in a Skills Activity or can I answer a few questions and then move on ?','You do not have to complete all the questions in a Skills Activity before moving on.'),(40,1,'What web browsers does the Platinum Interactive Skills Atlas work in?','Chrome, Firefox. Windows IE'),(41,1,'Can I just have a look at the resources without having to go into the Skills Activities?','Yes, go to the Resources feature.'),(42,1,'How do I track my progress in a grade?','You can track your progress by grade by viewing the overall progress bar on your profile page.'),(43,1,'How do I know how many of the questions I have completed, got right or wrong in a Skills Activity?','Each Skills Activity progress bar will shown you the number of questions attempted, correct, incorrect and not attempted.'),(44,1,'Where do I find the correct answers to the questions?','Feedback is given for each question once you have answered it and pressed check'),(45,1,'Can I just look at the animations?','Yes, go to Resources, animations.');
/*!40000 ALTER TABLE `help_faq_questions` ENABLE KEYS */;
UNLOCK TABLES;

--
-- Table structure for table `help_feedback`
--

DROP TABLE IF EXISTS `help_feedback`;
/*!40101 SET @saved_cs_client     = @@character_set_client */;
/*!40101 SET character_set_client = utf8 */;
CREATE TABLE `help_feedback` (
  `id` int(11) NOT NULL AUTO_INCREMENT,
  `username` varchar(45) NOT NULL,
  `yourstory` text NOT NULL,
  `mood` varchar(15) NOT NULL,
  PRIMARY KEY (`id`)
) ENGINE=InnoDB AUTO_INCREMENT=6 DEFAULT CHARSET=utf8;
/*!40101 SET character_set_client = @saved_cs_client */;

--
-- Dumping data for table `help_feedback`
--

LOCK TABLES `help_feedback` WRITE;
/*!40000 ALTER TABLE `help_feedback` DISABLE KEYS */;
INSERT INTO `help_feedback` VALUES (1,'nguni52','Test message. ','happy'),(2,'nguni52','Test message. ','happy'),(3,'nguni52','Test message. ','neutral'),(4,'heather','Bev this is a TEST',''),(5,'sylvana','','sad');
/*!40000 ALTER TABLE `help_feedback` ENABLE KEYS */;
UNLOCK TABLES;

--
-- Table structure for table `helphowto`
--

DROP TABLE IF EXISTS `helphowto`;
/*!40101 SET @saved_cs_client     = @@character_set_client */;
/*!40101 SET character_set_client = utf8 */;
CREATE TABLE `helphowto` (
  `id` int(11) NOT NULL AUTO_INCREMENT,
  `username` varchar(45) NOT NULL,
  `comments` blob NOT NULL,
  `firstname` varchar(45) NOT NULL,
  `surname` varchar(45) NOT NULL,
  `emailaddress` varchar(45) NOT NULL,
  `contactnumber` varchar(45) NOT NULL,
  `date_created` timestamp NOT NULL DEFAULT CURRENT_TIMESTAMP,
  `emailSent` varchar(6) DEFAULT 'false',
  PRIMARY KEY (`id`)
) ENGINE=InnoDB AUTO_INCREMENT=4 DEFAULT CHARSET=utf8;
/*!40101 SET character_set_client = @saved_cs_client */;

--
-- Dumping data for table `helphowto`
--

LOCK TABLES `helphowto` WRITE;
/*!40000 ALTER TABLE `helphowto` DISABLE KEYS */;
INSERT INTO `helphowto` VALUES (1,'support-page','This is a test query from the Digital Atlas Support Page.','Nguni','Phakela','nguni.phakela@pearson.com','0117773333','2015-09-06 20:03:53','true'),(2,'support-page','This is another test query from the support page of DA.','Nguni','Phakela','nguni.phakela@pearson.com','0113334455','2015-09-06 20:46:47','true'),(3,'support-page','I have purchased a copy of your grades 10 to 12 Interactive Atlas. After purchasing a copy of your Grade 8/9 Interactive Atlas, I tried to register, but could not. The error message was that I was using a duplicate email address. Your system is thus set up in such a manner that one cannot purchase more than one product on the same email system for your Interactive Atlas.\r\n\r\nWhen I purchase the grades 10 to 12 Interactive Atlas I received a password via email. I did not receive such an email after I purchased the Grade 8/9 Interactive Atlas.','John','Lanser','jlanser@bishops.org.za','0846225699','2015-09-12 19:13:25','true');
/*!40000 ALTER TABLE `helphowto` ENABLE KEYS */;
UNLOCK TABLES;

--
-- Table structure for table `notes`
--

DROP TABLE IF EXISTS `notes`;
/*!40101 SET @saved_cs_client     = @@character_set_client */;
/*!40101 SET character_set_client = utf8 */;
CREATE TABLE `notes` (
  `id` int(11) NOT NULL AUTO_INCREMENT,
  `username` varchar(45) NOT NULL,
  `title` varchar(45) NOT NULL,
  `summary` longtext NOT NULL,
  `category_id` int(11) NOT NULL,
  `grade` int(11) NOT NULL,
  PRIMARY KEY (`id`),
  KEY `fk_username_notes_idx` (`username`),
  KEY `fk_category_id_notes` (`category_id`),
  CONSTRAINT `fk_username_notes` FOREIGN KEY (`username`) REFERENCES `users` (`username`),
  CONSTRAINT `fk_category_id_notes` FOREIGN KEY (`category_id`) REFERENCES `category` (`id`)
) ENGINE=InnoDB AUTO_INCREMENT=18 DEFAULT CHARSET=utf8;
/*!40101 SET character_set_client = @saved_cs_client */;

--
-- Dumping data for table `notes`
--

LOCK TABLES `notes` WRITE;
/*!40000 ALTER TABLE `notes` DISABLE KEYS */;
INSERT INTO `notes` VALUES (1,'sylvana','Tefdoijiljgfd','SKILL NOTE ',2,11),(2,'nguni52','Test Note','This is a test note.I will not say much about this test note. I will just write it until I have no more to write about this test note.',2,8),(3,'sylvana','SKILLS NOTE CREATED 18 AUGUST 2015','TEST NOTE CREATED IN FIREFOX 18 AUGUST 2015',2,11),(5,'nguni52','Test note','Mauris? Amet adipiscing massa platea dis, vel rhoncus, tortor duis? Dis integer? Dictumst, facilisis in tincidunt rhoncus elementum phasellus augue auctor magna augue placerat, a in a proin sit pid, tincidunt vel, in. Elit? Phasellus aliquet. Montes rhoncus nisi? Dolor! Aenean augue? Integer pulvinar cursus, cum, nisi, lorem. Scelerisque rhoncus! Amet elit, rhoncus diam, integer sed in porttitor odio natoque amet turpis habitasse, est, lacus nascetur, elit. Rhoncus porta nec, cursus et in lundium parturient vel duis odio magna sagittis. Mid porta in enim. Nunc risus lectus aliquam, nunc enim! Etiam cursus porta dolor odio hac, dictumst urna platea magna aliquet lundium dictumst amet, porta, egestas vel ut aliquet eu mid etiam, odio natoque. Pulvinar magna sed, nascetur diam turpis.',2,8),(6,'sylvana','19 AUGUST 2015','TEST NOTE ',2,11),(7,'sylvana','test','ggf',2,8),(8,'heather','ATLAS SKILLS','Atlas skills are fun to work on. Read the maps carefully to find all the information.',2,11),(9,'heather','Mapwork is really fun!','I can now answer my mapwork questions.',2,10),(10,'heather','Plate tectonics','Plate boundaries can be subductive.',2,10),(11,'heather','Earthquakes','Earthquakes occur near or on plate boandaries as they are zones where the crust moves.',2,10),(12,'ighsaan.robinson@pearson.com','Ighsaan Test 098','Ighsaan Test 098',2,10),(13,'cassandra.shaw@pearson.com','Bearing','Remember to place the 0 degrees of the protractor on North and measure clockwise',2,10),(14,'cassandra.shaw@pearson.com','Earthquakes','Earthquakes occur on plate boundaries.',2,10),(15,'heather','Plate boundaries','Constructive and destructive',2,12),(16,'sylvana','Test','Test note',2,10),(17,'sylvana','Skill Note Grade 12','Test notes 23 Sept 2015',2,12);
/*!40000 ALTER TABLE `notes` ENABLE KEYS */;
UNLOCK TABLES;

--
-- Table structure for table `resource_category`
--

DROP TABLE IF EXISTS `resource_category`;
/*!40101 SET @saved_cs_client     = @@character_set_client */;
/*!40101 SET character_set_client = utf8 */;
CREATE TABLE `resource_category` (
  `id` int(11) NOT NULL AUTO_INCREMENT,
  `category` varchar(45) NOT NULL,
  `folder` varchar(45) NOT NULL,
  PRIMARY KEY (`id`)
) ENGINE=InnoDB AUTO_INCREMENT=10 DEFAULT CHARSET=utf8;
/*!40101 SET character_set_client = @saved_cs_client */;

--
-- Dumping data for table `resource_category`
--

LOCK TABLES `resource_category` WRITE;
/*!40000 ALTER TABLE `resource_category` DISABLE KEYS */;
INSERT INTO `resource_category` VALUES (1,'Topographic maps','TOPOGRAPHIC_MAP'),(2,'Orthophoto maps','ORTHOPHOTO_MAP'),(3,'Aerial Photographs','AERIAL_PHOTOGRAPH'),(4,'Satellite images','SATELLITE_IMAGES'),(5,'Animations','ANIMATIONS'),(6,'Atlas resources','ATLAS_RESOURCES'),(7,'General resources','GENERAL_RESOURCES'),(8,'GIS','GIS'),(9,'Photographs','PHOTOGRAPH');
/*!40000 ALTER TABLE `resource_category` ENABLE KEYS */;
UNLOCK TABLES;

--
-- Table structure for table `skill`
--

DROP TABLE IF EXISTS `skill`;
/*!40101 SET @saved_cs_client     = @@character_set_client */;
/*!40101 SET character_set_client = utf8 */;
CREATE TABLE `skill` (
  `id` int(11) NOT NULL AUTO_INCREMENT,
  `skill_number` varchar(10) NOT NULL,
  `grade` varchar(5) NOT NULL,
  `name` varchar(100) NOT NULL,
  `atlas_page` varchar(100) DEFAULT NULL,
  `atlas_page_heading` varchar(100) DEFAULT NULL,
  `content_type` varchar(100) DEFAULT NULL,
  `thumbnail` varchar(99) DEFAULT NULL,
  `imagefilename` varchar(99) DEFAULT NULL,
  `asset` varchar(25) DEFAULT NULL,
  `asset_name` varchar(99) DEFAULT NULL,
  `guid` varchar(99) DEFAULT NULL,
  PRIMARY KEY (`skill_number`,`grade`),
  UNIQUE KEY `id` (`id`)
) ENGINE=InnoDB AUTO_INCREMENT=138 DEFAULT CHARSET=utf8;
/*!40101 SET character_set_client = @saved_cs_client */;

--
-- Dumping data for table `skill`
--

LOCK TABLES `skill` WRITE;
/*!40000 ALTER TABLE `skill` DISABLE KEYS */;
INSERT INTO `skill` VALUES (1,'A08_001','G08','Factors influencing climate in South Africa','14','Classification by theme','TEXT+ARTWORK','A08_001_R387_OceanCrnts_sat_thumb.png','A08_001_R387_OceanCrnts_sat.png',NULL,NULL,NULL),(2,'A08_002','G08','Identifying world climatic regions','14','Classification by theme, climatic maps','ASSET','A08_002_R007_GCliRgns_ani_thumb.png','A08_002_R007_GCliRgns_ani.png',NULL,NULL,NULL),(3,'A08_003','G08','Identifying land use from maps and photographs','22','How to interpret aerial photographs','ASSET','A08_003_R397A_LndUseCBD_gen_thumb.png','A08_003_R397A_LndUseCBD_gen.png',NULL,NULL,NULL),(4,'A08_004','G08','Interpreting South African trade and transport data','46','SA transport','TEXT+ARTWORK','A08_004_R398A_CntnrShip_pho_thumb.png','A08_004_R398A_CntnrShip_pho.png',NULL,NULL,NULL),(5,'A08_005','G08','Interpreting global trade and internet usage','88','Internet usage','TEXT+ARTWORK','A08_005_R454_CgrmGlbIU_gen_thumb.png','A08_005_R454_CgrmGlbIU_gen.png',NULL,NULL,NULL),(21,'A09_001','G09','Classifying countries in terms of the Human Development Index','95','World Life Expectancy','TEXT+ARTWORK','A09_001_R459_HDI_gen_thumb.png','A09_001_R459_HDI_gen.png',NULL,NULL,NULL),(22,'A09_002','G09','Identifying factors of development','90','Global Inequalities','TEXT+ARTWORK','A09_002_R517_DevLevel_gen_thumb.png','A09_002_R517_DevLevel_gen.png',NULL,NULL,NULL),(23,'A09_003','G09','Sustainability: Identifying the climatic regions and biomes of SA','40','Biomes of SA','TEXT+ARTWORK','A09_003_R460_Sust_gen_thumb.png','A09_003_R460_Sust_gen.png',NULL,NULL,NULL),(24,'A09_004','G09','Classifying SA use of resources','45','SA conventional, non-conventional sources of energy','TEXT+ARTWORK','A09_004_R464A_RnwbEn_gen_thumb.png','A09_004_R464A_RnwbEn_gen.png',NULL,NULL,NULL),(25,'A09_005','G09','Identifying food resources: types of farming','82','World Resources','TEXT+ARTWORK','A09_005_R465A_NmdcHerd_pho_thumb.png','A09_005_R465A_NmdcHerd_pho.png',NULL,NULL,NULL),(40,'A10_001','G10','Using the index and grid references to locate physical features','96 + 51','Index + Africa Physical','TEXT','A10_001_R414_ExtAtlIndx_atl_thumb.png','A10_001_R414_ExtAtlIndx_atl.png',NULL,NULL,NULL),(41,'A10_002','G10','Analysing and interpreting climate maps','74/5','World Climate','NONE','A10_002_R415_ClmRgnOcn_atl_thumb.png','A10_002_R415_ClmRgnOcn_atl.png',NULL,NULL,NULL),(42,'A10_003','G10','Analysing and interpreting climate graphs','74/5','World climates','NONE','A10_003_R418_ClmGraphs_atl_thumb.png','A10_003_R418_ClmGraphs_atl.png',NULL,NULL,NULL),(43,'A10_004','G10','Reading maps and interpreting tables (geomorphology)','72/3','World continental drift and plate tectonics','NONE','A10_004_R419_PltEqkVlcM_atl_thumb.png','A10_004_R419_PltEqkVlcM_atl.png',NULL,NULL,NULL),(44,'A10_005','G10','Interpreting population pyramids, maps and tables','94/5','World population','NONE','A10_005_R124_PopPyrmds_atl_thumb.png','A10_005_R124_PopPyrmds_atl.png',NULL,NULL,NULL),(45,'A10_006','G10','Comparing different thematic maps and cross-referencing patterns','27','South Africa Physical','NONE','A10_006_R127_SAPh_atl_thumb.png','A10_006_R127_SAPh_atl.png',NULL,NULL,NULL),(74,'A11_001','G11','Using the atlas index','96','Index','TEXT','A11_001_R230_AtInd_atl_thumb.png','A11_001_R230_AtInd_atl.png',NULL,NULL,NULL),(75,'A11_002','G11','Exploring climate variations in Africa','52, 53','Africa climate and vegetation','TEXT+ARTWORK','A11_002_R231_ANatVeg_atl_thumb.png','A11_002_R231_ANatVeg_atl.png',NULL,NULL,NULL),(76,'A11_003','G11','Locating geological features','37','South Africa Physical','TEXT+ARTWORK','A11_003_R236_GntsCstl_pho_thumb.png','A11_003_R236_GntsCstl_pho.png',NULL,NULL,NULL),(77,'A11_004','G11','Comparing global development','90','Global Inequalities','TEXT+ARTWORK','A11_004_R501_DevCartoon_gen_thumb.png','A11_004_R501_DevCartoon_gen.png',NULL,NULL,NULL),(78,'A11_005','G11','Exploring energy production in South Africa','45','South African Energy Sources','TEXT+ARTWORK','A11_005_R246_MPPwrStn_pho_thumb.png','A11_005_R246_MPPwrStn_pho.png',NULL,NULL,NULL),(106,'A12_001','G12','Interpreting climatic information from different images','39','South Africa Climate','TEXT+ARTWORK','A12_001_R350_WindRosePE_gen_thumb.png','A12_001_R350_WindRosePE_gen.png',NULL,NULL,NULL),(107,'A12_002','G12','Recognising fluvial characteristics on maps','28, 32, 37','Eastern Cape provincial map, Limpopo Provincial, South Africa Physical','TEXT+ARTWORK','A12_002_R127_SAph_atl_thumb.png','A12_002_R127_SAph_atl.png',NULL,NULL,NULL),(108,'A12_003','G12','Applying knowledge and interpreting data from maps and graphs','27, 48','South Africa political - urban population graph, Population distribution and density ','TEXT+ARTWORK','A12_003_R405_PopDisDen_atl_thumb.png','A12_003_R405_PopDisDen_atl.png',NULL,NULL,NULL),(109,'A12_004','G12','Examining thematic maps and graphs','44','South Africa Mining','TEXT+ARTWORK','A12_004_R407_SAMineMnrl_atl_thumb.png','A12_004_R407_SAMineMnrl_atl.png',NULL,NULL,NULL),(110,'A12_005','G12','Interpreting a thematic map','43','South Africa Industries','TEXT+ARTWORK','A12_005_R408_SAInd_atl_thumb.png','A12_005_R408_SAInd_atl.png',NULL,NULL,NULL),(46,'G10_001','G10','Identifying the components of a GIS','24','What is GIS?','NONE','G10_001_R195_GISPrts_gis_thumb.png','G10_001_R195_GISPrts_gis.png',NULL,NULL,NULL),(47,'G10_002','G10','Understanding what a GIS does','24','What does GIS do?','TEXT+ARTWORK','G10_002_R196_GISUsrs_gen_thumb.png','G10_002_R196_GISUsrs_gen.png',NULL,NULL,NULL),(48,'G10_003','G10','Data capture and using a GPS','24','Gathering data','ASSET','G10_003_R259_CnstnSats_gis_thumb.png','G10_003_R259_CnstnSats_gis.png',NULL,NULL,NULL),(49,'G10_004','G10','Understanding data layers in GIS','25','GIS data layers','ASSET','','G10_004_R515_DataLayers_ani',NULL,NULL,NULL),(50,'G10_005','G10','Remote sensing and the electromagnetic spectrum','23','Satellite image resolution','ASSET','','G10_005_R510_ElctrmSpct_ani.mp4',NULL,NULL,NULL),(51,'G10_006','G10','Identifying active and passive remote sensing','23','Satellites: view from above','TEXT+ARTWORK','G10_006_R266_TpsRmtSnsr_gis_thumb.png','G10_006_R266_TpsRmtSnsr_gis.png',NULL,NULL,NULL),(52,'G10_007','G10','Identifying types of sensors and their uses','23','Satellites: view from above','TEXT+ARTWORK','G10_007_R268_TpsRmtSns_gis_thumb.png','G10_007_R268_TpsRmtSns_gis.png',NULL,NULL,NULL),(53,'G10_008','G10','Identifying types of data','24','Types of data ','TEXT+ARTWORK','G10_008_R269_VecRstData_gis_thumb.png','G10_008_R269_VecRstData_gis.png',NULL,NULL,NULL),(54,'G10_009','G10','GIS data integration','25','GIS output','TEXT+ARTWORK','G10_009_R271_IntDtLyrs_gis_thumb.png','G10_009_R271_IntDtLyrs_gis.png',NULL,NULL,NULL),(55,'G10_010','G10','Climate and GIS','25','GIS output','TEXT+ARTWORK','G10_010_R264_RmtSnsCC_gis_thumb.png','G10_010_R264_RmtSnsCC_gis.png',NULL,NULL,NULL),(79,'G11_001','G11','Identifying types of spatially referenced data','24','Converting data for GIS input','TEXT+ARTWORK','G11_001_R275_GISScrAttT_gis_thumb.png','G11_001_R275_GISScrAttT_gis.png',NULL,NULL,NULL),(80,'G11_002','G11','Working with spatial resolution','23','Satellite image resolution','TEXT+ARTWORK','G11_002_R284_RstImgDifRes_gis_thumb.png','G11_002_R284_RstImgDifRes_gis.png',NULL,NULL,NULL),(81,'G11_004','G11','Working with raster data','24','Types of data','TEXT+ARTWORK','G11_004_R351_RstVAndRWDt_gis_thumb.png','G11_004_R351_RstVAndRWDt_gis.png',NULL,NULL,NULL),(82,'G11_005','G11','Working with vector data','24','Types of data','TEXT+ARTWORK','G11_005_R298_PntLnAndPoly_gis_thumb.png','G11_005_R298_PntLnAndPoly_gis.png',NULL,NULL,NULL),(83,'G11_006','G11','Working with a spatial database','25','GIS processing','TEXT+ARTWORK','G11_006_R358_PntVDtGISM_gis_thumb.png','G11_006_R358_PntVDtGISM_gis.png',NULL,NULL,NULL),(84,'G11_007','G11','Identifying types of data capture','24','Gathering data','TEXT+ARTWORK','G11_007_R554_FrmsDt_gen_thumb.png','G11_007_R554_FrmsDt_gen.png',NULL,NULL,NULL),(85,'G11_008','G11','Converting vector data into a digital format','25','GIS processing','TEXT+ARTWORK','G11_008_R262_Brbrtn_top_thumb.png','G11_008_R262_Brbrtn_top.png',NULL,NULL,NULL),(86,'G11_009','G11','Case study: Using GIS to monitor fires','25','GIS output','TEXT+ARTWORK','G11_009_R373_GISItfWPg_gis_thumb.png','G11_009_R373_GISItfWPg_gis.png',NULL,NULL,NULL),(87,'G11_010','G11','Identifying GIS data layers in Google Earth','25','GIS processing','ASSET','G11_010_R262_Brbrtn_top_thumb.png','G11_010_R262_Brbrtn_top.png',NULL,NULL,NULL),(111,'G12_001','G12','Uses of remote sensing and satellites ','23','Satellites - the view from above','','G12_001_R555_OrbtEarth_gen_thumb.png','G12_001_R555_OrbtEarth_gen.png',NULL,NULL,NULL),(112,'G12_002','G12','Temporal resolution - comparing satellite images and topographic maps','','NA','TEXT+ARTWORK','G12_002_R471_Dstrct61983_sat_thumb.jpeg','G12_002_R471_Dstrct61983_sat.jpeg',NULL,NULL,NULL),(113,'G12_003','G12','Working with spatial and attribute data','24','Coverting data for GIS input','TEXT+ARTWORK','G12_003_R475_SADrain_gis_thumb.png','G12_003_R475_SADrain_gis.png',NULL,NULL,NULL),(114,'G12_004','G12','Data standardisation, data security and data sharing ','25','GIS processing','TEXT+ARTWORK','G12_004_R557_DataDgrm_gen_thumb.png','G12_004_R557_DataDgrm_gen.png',NULL,NULL,NULL),(115,'G12_005','G12','GIS data integration and identifying layers','25','GIS data layers','TEXT+ARTWORK','G12_005_R481_GISIntdgrm_gen_thumb.png','G12_005_R481_GISIntdgrm_gen.png',NULL,NULL,NULL),(116,'G12_006','G12','Buffering vector and raster data','25','GIS processing','TEXT+ARTWORK','G12_006_R480_BffrVector_gis_thumb.png','G12_006_R480_BffrVector_gis.png',NULL,NULL,NULL),(117,'G12_007','G12','GIS techniques - querying using maps','25','GIS processing ','TEXT+ARTWORK','G12_007_R482_Querying_gis_thumb.png','G12_007_R482_Querying_gis.png',NULL,NULL,NULL),(118,'G12_008','G12','GIS Processing - statistical analysis','25','GIS processing','TEXT+ARTWORK','G12_008_R483_SAInd_atl_thumb.png','G12_008_R483_SAInd_atl.png',NULL,NULL,NULL),(119,'G12_009','G12','Application of GIS in government','25','Electricity and GIS','TEXT+ARTWORK','G12_009_R560_MindMGov_gen_thumb.png','G12_009_R560_MindMGov_gen.png',NULL,NULL,NULL),(120,'G12_010','G12','Application of GIS in the private sector','25','Water and GIS','TEXT+ARTWORK','G12_010_R485_DrainageSA_gis_thumb.png','G12_010_R485_DrainageSA_gis.png',NULL,NULL,NULL),(6,'M08_001','G08','Latitude and longitude, degrees and minutes','21','How to find the position of places or features on a globe or on a flat map','TEXT+ARTWORK','M08_001_R054_Lat&Long_top_thumb.png','M08_001_R054_Lat&Long_top.png',NULL,NULL,NULL),(7,'M08_002','G08','Using the atlas index to find places on a map','96 - 104','Index','TEXT+ARTWORK','M08_002_R055_APhMTahat_atl_thumb.png','M08_002_R055_APhMTahat_atl.png',NULL,NULL,NULL),(8,'M08_003','G08','Different map scales used in an atlas','18','Large and small scale maps','TEXT+ARTWORK','M08_003_R059_WTourism_atl_thumb.png','M08_003_R059_WTourism_atl.png',NULL,NULL,NULL),(9,'M08_004','G08','Determining line and word scales','18','Types of map scale','TEXT+ARTWORK','M08_004_R001_LnScale_gen_thumb.png','M08_004_R001_LnScale_gen.png',NULL,NULL,NULL),(10,'M08_005','G08','Ratio scales','18','Types of map scales','TEXT','M08_005_R072_SrvyrPlns_gen_thumb.png','M08_005_R072_SrvyrPlns_gen.png',NULL,NULL,NULL),(11,'M08_006','G08','Calculating distances between settlements using different scales','18','Types of map scale','TEXT+ARTWORK','M08_006_R520_Dividers_gen_thumb.png','M08_006_R520_Dividers_gen.png',NULL,NULL,NULL),(12,'M08_007','G08','Hemispheres','20','Latitude and longitude','TEXT+ARTWORK','M08_007_R077_Hemisphere_gen_thumb.png','M08_007_R077_Hemisphere_gen.png',NULL,NULL,NULL),(13,'M08_008','G08','Earth\'s rotation on its axis - day/night','11','Earth\'s movements: rotation','TEXT','M08_008_R079_ErthAxisDN_gen_thumb.png','M08_008_R079_ErthAxisDN_gen.png',NULL,NULL,NULL),(14,'M08_009','G08','Calculating time around the world','11','Rotation and time','ASSET','M08_009_R003_TimeArndW_ani_thumb.png','M08_009_R003_TimeArndW_ani.png',NULL,NULL,NULL),(15,'M08_010','G08','Revolution of the Earth','10','Earth\'s movements - revolution','ASSET','M08_010_R010_EarthRev_atl_thumb.png','M08_010_R010_EarthRev_atl.png',NULL,NULL,NULL),(16,'M08_011','G08','Seasonal changes in length of day and night','11','Earth\'s movement: rotation','TEXT','M08_011_R084A_Seasons_sat_thumb.png','M08_011_R084A_Seasons_sat.png',NULL,NULL,NULL),(17,'M08_012','G08','Seasonal temperature changes - interpreting maps','10','The tilt of the Earth\'s axis and the seasons','TEXT','M08_012_R085_SATmpJaJul_atl_thumb.png','M08_012_R085_SATmpJaJul_atl.png',NULL,NULL,NULL),(18,'M08_013','G08','Satellite images','23','How satellite images are made','TEXT+ARTWORK','M08_013_R088_FlsColImg_sat_thumb.png','M08_013_R088_FlsColImg_sat.png',NULL,NULL,NULL),(19,'M08_014','G08','Viewing information from satellite images','23','How satellite images are made','TEXT+ARTWORK','M08_014_R090_HiResEarth_sat_thumb.png','M08_014_R090_HiResEarth_sat.jpg',NULL,NULL,NULL),(20,'M08_015','G08','How satellite images are used to make maps','23','Satellites: the view from above','ASSET','M08_015_R008_MUseSatImg_ani_thumb.png','M08_015_R008_MUseSatImg_ani.png',NULL,NULL,NULL),(26,'M09_001','G09','Introduction to contour models ','17','Contour Lines','TEXT+ARTWORK','M09_001_R154_ConMod_gen_thumb.png','M09_001_R154_ConMod_gen.png',NULL,NULL,NULL),(27,'M09_002','G09','Identifying steep and gentle slopes','17','Contour lines','TEXT+ARTWORK','M09_002_R161_ThmConM_map_thumb.png','M09_002_R161_ThmConM_map.png',NULL,NULL,NULL),(28,'M09_003','G09','Identifying river valleys and spurs','17','Contour patterns and landforms','TEXT+ARTWORK','M09_003_R166_ConVllySpr_gen_thumb.png','M09_003_R166_ConVllySpr_gen.png',NULL,NULL,NULL),(29,'M09_004','G09','Interpreting vertical photos and orthophoto maps ','22','How to interpret aerial photos','ASSET','M09_004_R172_Stngr_top_thumb.png','M09_004_R172_Stngr_top.png',NULL,NULL,NULL),(30,'M09_005','G09','Interpreting orthophoto images made from aerial photographs','22','How to interpret aerial photos','TEXT+ARTWORK','M09_005_R172_Stngr_top_thumb.png','M09_005_R172_Stngr_top.png',NULL,NULL,NULL),(31,'M09_006','G09','Reading heights off maps and orthophoto maps ','16','How height is shown on maps ','TEXT+ARTWORK','','M09_006_R177_APtMOM_top.png',NULL,NULL,NULL),(32,'M09_007','G09','Identifying map symbols ','15','Map symbols','TEXT+ARTWORK','M09_007_R179_KeyConvSig_top_thumb.png','M09_007_R179_KeyConvSig_top.png',NULL,NULL,NULL),(33,'M09_008','G09','Identifying height clues on topographic maps ','16','Height clues on maps','TEXT+ARTWORK','M09_008_R180_VRnn2829_top_thumb.png','M09_008_R180_VRnn2829_top.png',NULL,NULL,NULL),(34,'M09_009','G09','Identifying contour patterns','17','Contour lines','TEXT+ARTWORK','M09_009_R181_Lndfrms_gen_thumb.png','M09_009_R181_Lndfrms_gen.png',NULL,NULL,NULL),(35,'M09_010','G09','Recognising contour patterns','17','Contour patterns and landforms ','TEXT+ARTWORK','M09_010_R183A_ConvSlp_gen_thumb.png','M09_010_R183A_ConvSlp_gen.png',NULL,NULL,NULL),(36,'M09_011','G09','Measuring distance using a line and ratio scale ','18','Types of map scale.','TEXT+ARTWORK','M09_011_R188_Clcltn_gen_thumb.png','M09_011_R188_Clcltn_gen.png',NULL,NULL,NULL),(37,'M09_012','G09','Using co-ordinates to give location','21','Co-ordinates','TEXT+ARTWORK','M09_012_R189_CoOrdsTop_gen_thumb.png','M09_012_R189_CoOrdsTop_gen.png',NULL,NULL,NULL),(38,'M09_013','G09','Interpreting information from aerial photographs and topographic maps ','22','How to interpret aerial photos','TEXT+ARTWORK','M09_013_R162_VReenen_top_thumb.png','M09_013_R162_VReenen_top.png',NULL,NULL,NULL),(39,'M09_014','G09','Interpreting information from orthophoto maps ','22','How to interpret aerial photos','TEXT','M09_014_R169_PEdcba_top_thumb.png','M09_014_R169_PEdcba_top.png',NULL,NULL,NULL),(56,'M10_001','G10','Using alphanumeric grids and co&#8209,ordinates to locate places on maps','21','How to find position of places or features on a globe or on a flat map','TEXT+ARTWORK','M10_001_R003_PtaTopMEx_top_thumb.png','M10_001_R003_PtaTopMEx_top.png',NULL,NULL,NULL),(57,'M10_002','G10','Working with map scale','18','Types of map scale','TEXT+ARTWORK','M10_002_R103_MdlAeropln_pho_thumb.png','M10_002_R103_MdlAeropln_pho.png',NULL,NULL,NULL),(58,'M10_003','G10','Measuring distance using the map scale','18','Map scale','ASSET','M10_003_R006_JbgCBDStM_atl_thumb.png','M10_003_R006_JbgCBDStM_atl.png',NULL,NULL,NULL),(59,'M10_004','G10','Determining map reference numbers','N/A','N/A','ASSET','M10_004_R008_MrsbrgTMEx_top_thumb.png','M10_004_R008_MrsbrgTMEx_top.png',NULL,NULL,NULL),(60,'M10_005','G10','Conventional signs on atlas maps','15','Map symbols','TEXT+ARTWORK','M10_005_R014_MapKey_atl_thumb.png','M10_005_R014_MapKey_atl.png',NULL,NULL,NULL),(61,'M10_006','G10','Conventional signs on topographic maps','15','Map symbols','TEXT+ARTWORK','M10_006_R108_EnlgTopMEx_top_thumb.png','M10_006_R108_EnlgTopMEx_top.png',NULL,NULL,NULL),(62,'M10_007','G10','Navigating position using compass directions','19','The cardinal points of direction','TEXT+ARTWORK','M10_007_R110_16PntComp_atl_thumb.png','M10_007_R110_16PntComp_atl.png',NULL,NULL,NULL),(63,'M10_008','G10','Measuring bearing','19','Direction and bearing','ASSET','M10_008_R020_DrctnBrng_gen_thumb.png','M10_008_R020_DrctnBrng_gen.png',NULL,NULL,NULL),(64,'M10_009','G10','Determining direction and bearing','19','Direction and bearing','NONE','M10_009_R024_FreeState_atl_thumb.png','M10_009_R024_FreeState_atl.png',NULL,NULL,NULL),(65,'M10_010','G10','Getting orientated on topographic maps','N/A','N/A','TEXT+ARTWORK','M10_010_R026A_MrsbrgTopM_top_thumb.png','M10_010_R026A_MrsbrgTopM_top.png',NULL,NULL,NULL),(66,'M10_011','G10','Calculating distances on topographic maps','N/A','N/A','TEXT+ARTWORK','M10_011_R027_PtaTopMEx_top_thumb.png','M10_011_R027_PtaTopMEx_top.png',NULL,NULL,NULL),(67,'M10_012','G10','Recognising relief features and contour patterns','17','Contour patterns and landforms','TEXT+ARTWORK','M10_012_R029_ConLnSktch_gen_thumb.png','M10_012_R029_ConLnSktch_gen.png',NULL,NULL,NULL),(68,'M10_013','G10','Recognising landforms and contour patterns','17','Contour patterns and landforms','NONE','M10_013_R043_ConLnLdsc_gen_thumb.png','M10_013_R043_ConLnLdsc_gen.png',NULL,NULL,NULL),(69,'M10_014','G10','Constructing and recognising simple cross-sections','37','South Africa Physical','TEXT+ARTWORK','M10_014_R127_SAPh_atl_thumb.png','M10_014_R127_SAPh_atl.png',NULL,NULL,NULL),(70,'M10_015','G10','Constructing cross-sections on topographic maps','N/A','N/A','ASSET','M10_015_R046_MrsbrgTMEx_top_thumb.png','M10_015_R046_MrsbrgTMEx_top.png',NULL,NULL,NULL),(71,'M10_016','G10','Working with different types of photographs','22','Oblique and vertical aerial photographs','TEXT+ARTWORK','M10_016_R111_HPhotoCT_aer_thumb.png','M10_016_R111_HPhotoCT_aer.png',NULL,NULL,NULL),(72,'M10_017','G10','Interpreting orthophoto maps, vertical aerial photographs and topographic maps','22','How to interpret aerial photographs','TEXT+ARTWORK','M10_017_R413_PtaOpMExt_ort_thumb.png','M10_017_R413_PtaOpMExt_ort.png',NULL,NULL,NULL),(73,'M10_018','G10','Test your mapwork skills','N/A','N/A','NONE','M10_018_R119_MrsbrgAPEx_aer_thumb.png','M10_018_R119_MrsbrgAPEx_aer.png',NULL,NULL,NULL),(88,'M11_001','G11','Locating exact position on different kinds of maps','21','How to give our position ...','TEXT+ARTWORK','M11_001_R130_MExtRkjvk_atl_thumb.png','M11_001_R130_MExtRkjvk_atl.png',NULL,NULL,NULL),(89,'M11_002','G11','Measuring direction and true bearing','19','Direction and bearing','ASSET','M11_002_R021_CompPntDg_gen_thumb.png','M11_002_R021_CompPntDg_gen.png',NULL,NULL,NULL),(90,'M11_003','G11','Calculating magnetic declination and magnetic bearing','19','Magnetic declination','TEXT+ARTWORK','M11_003_R134_MDKrsfntn_gen_thumb.png','M11_003_R134_MDKrsfntn_gen.png',NULL,NULL,NULL),(91,'M11_004','G11','Comparing map scales','18','Types of map scales','TEXT+ARTWORK','M11_004_R220_3TpsOfScl_gen_thumb.png','M11_004_R220_3TpsOfScl_gen.png',NULL,NULL,NULL),(92,'M11_005','G11','Measuring distances on maps and converting to ground distances','31','South Africa KwaZulu-Natal','TEXT+ARTWORK','M11_005_R138_RtDstMsmDV_gen_thumb.png','M11_005_R138_RtDstMsmDV_gen.png',NULL,NULL,NULL),(93,'M11_006','G11','Calculating the area of regular features','n/a','n/a','TEXT+ARTWORK','M11_006_R139_PmbTMExt_top_thumb.png','M11_006_R139_PmbTMExt_top.png',NULL,NULL,NULL),(94,'M11_007','G11','Calculating the area of irregular features','n/a','na/','ASSET','M11_007_R505_CalcAreaIrregFeat_thumb.png','M11_007_R505_CalcAreaIrregFeat.mp4',NULL,NULL,NULL),(95,'M11_008','G11','Recognising landforms and slopes from contour lines','17','Contour patterns and landforms','TEXT+ARTWORK','M11_008_R147_LdscAndConLS_gen_thumb.png','M11_008_R147_LdscAndConLS_gen.png',NULL,NULL,NULL),(96,'M11_009','G11','Recognising slopes and landforms on topographic maps','17','Contour patterns and landforms','TEXT+ARTWORK','M11_009_R204_RiteTMExt_top_thumb.png','M11_009_R204_RiteTMExt_top.png',NULL,NULL,NULL),(97,'M11_010','G11','Interpreting cross-sections from topographic maps','37','South Africa Physical','TEXT+ARTWORK','M11_010_R206_CSSAPhM_atl_thumb.png','M11_010_R206_CSSAPhM_atl.png',NULL,NULL,NULL),(98,'M11_011','G11','Understanding vertical exaggeration','37','South Africa Physical','TEXT+ARTWORK','M11_011_R211_SktchCSImg_gen_thumb.png','M11_011_R211_SktchCSImg_gen.png',NULL,NULL,NULL),(99,'M11_012','G11','Determining intervisibility','37','South Africa Physical','TEXT+ARTWORK','M11_012_R214_IntvsSktch_gen_thumb.png','M11_012_R214_IntvsSktch_gen.png',NULL,NULL,NULL),(100,'M11_013','G11','Calculating gradient','37','South Africa Physical','TEXT+ARTWORK','M11_013_R218_SlopeImg_gen_thumb.png','M11_013_R218_SlopeImg_gen.png',NULL,NULL,NULL),(101,'M11_014','G11','Identifying landforms and features on aerial photographs','22','Oblique and vertical aerial photographs','TEXT+ARTWORK','M11_014_R221_SkPlnsCamA_gen_thumb.png','M11_014_R221_SkPlnsCamA_gen.png',NULL,NULL,NULL),(102,'M11_015','G11','Using tone, texture and shadows to interpret aerial photographs','22','How to interpret aerial photos','TEXT+ARTWORK','M11_015_R227_HrmnsOblq_aer_thumb.png','M11_015_R227_HrmnsOblq_aer.png',NULL,NULL,NULL),(103,'M11_016','G11','Identifying landforms and features on orthophoto maps','n/a','n/a','TEXT+ARTWORK','M11_016_R301_RiteOpMExt_ort_thumb.png','M11_016_R301_RiteOpMExt_ort.png',NULL,NULL,NULL),(104,'M11_017','G11','Orienting aerial photographs and orthophoto maps with topographic maps','22','Aerial photographs','TEXT+ARTWORK','M11_017_R306_CrtCharImg_gen_thumb.png','M11_017_R306_CrtCharImg_gen.png',NULL,NULL,NULL),(105,'M11_018','G11','Test your mapwork skills','n/a','n/a','TEXT+ARTWORK','M11_018_R310_CrtnSgnpst_gen_thumb.png','M11_018_R310_CrtnSgnpst_gen.png',NULL,NULL,NULL),(121,'M12_001','G12','Mapwork Techniques','','NA','TEXT+ARTWORK','M12_001_R315_puzzlpiece_gen_thumb.png','M12_001_R315_puzzlpiece_gen.png',NULL,NULL,NULL),(122,'M12_002','G12','Scale, contours and cross sections ','17','Contours and landforms','TEXT+ARTWORK','M12_002_R317_TopMapExt_top_thumb.png','M12_002_R317_TopMapExt_top.png',NULL,NULL,NULL),(123,'M12_003','G12','Direction, bearing, distance and grid referencing','19, 21','Direction and bearing, how to give position using relative or absolute location','TEXT+ARTWORK','M12_003_R319_DirectBear_gen_thumb.png','M12_003_R319_DirectBear_gen.png',NULL,NULL,NULL),(124,'M12_004','G12','Grid referencing on topographic maps ','21','Locating exact position - co-ordinates','TEXT+ARTWORK','M12_004_R321_IndexM_top_thumb.png','M12_004_R321_IndexM_top.png',NULL,NULL,NULL),(125,'M12_005','G12','Interpreting Photographs','22','Aerial Photographs','NONE','M12_005_R324_ GR_aer_thumb.png','M12_005_R324_ GR_aer.png',NULL,NULL,NULL),(126,'M12_006','G12','Map and photo interpretation','','NA','NONE','M12_006_R327_ObliqPaarl_aer_thumb.png','M12_006_R327_ObliqPaarl_aer.png',NULL,NULL,NULL),(127,'M12_007','G12','Conventional signs on topographic maps ','15','Map symbols','NONE','M12_007_R329_ConSigSym_top_thumb.png','M12_007_R329_ConSigSym_top.png',NULL,NULL,NULL),(128,'M12_008','G12','Contour patterns of slopes and landforms ','17','Contour patterns and landforms ','TEXT+ARTWORK','M12_008_R330_ConLSketch_top_thumb.png','M12_008_R330_ConLSketch_top.png',NULL,NULL,NULL),(129,'M12_009','G12','Recognising contours and landforms on topographic maps ','17','Contour patterns and landforms ','NONE','','M12_009_R333_KrngbrgM_top.png',NULL,NULL,NULL),(130,'M12_010','G12','Interpreting cross-sections and calculating vertical exaggeration','37','South Africa Physical Cross-section','TEXT+ARTWORK','M12_010_R334_ConSketch_top_thumb.png','M12_010_R334_ConSketch_top.png',NULL,NULL,NULL),(131,'M12_011','G12','Interpreting cross-sections of topographic maps ','37','South Africa Physical cross-section','ASSET','M12_011_R336_MirrorXsec_gen_thumb.png','M12_011_R336_MirrorXsec_gen.png',NULL,NULL,NULL),(132,'M12_012','G12','Determining intervisibility','33','South Africa Mpumalanga','TEXT+ARTWORK','M12_012_R240_BlydRvrCyn_gen_thumb.png','M12_012_R240_BlydRvrCyn_gen.png',NULL,NULL,NULL),(133,'M12_013','G12','Calculating gradient on topographic maps ','17','Contour Lines','TEXT+ARTWORK','M12_013_R342_HngGldr_pho_thumb.png','M12_013_R342_HngGldr_pho.png',NULL,NULL,NULL),(134,'M12_014','G12','Interpreting vertical aerial photographs','22','Aerial photographs','NONE','','M12_014_R345_SchzrRnkv_aer.png',NULL,NULL,NULL),(135,'M12_015','G12','Interpreting orthophoto maps','','NA','NONE','','M12_015_R347_SchzrRnkX_ort.png',NULL,NULL,NULL),(136,'M12_016','G12','Comparing an orthophoto map with a topographic map','','NA','NONE','MC A or B','M12_016_R348_SchzrRnkM_top.png',NULL,NULL,NULL),(137,'M12_017','G12','Test your mapwork skills','','NA','NONE','M12_017_R015_ConvSign_top_thumb.png','M12_017_R015_ConvSign_top.png',NULL,NULL,NULL);
/*!40000 ALTER TABLE `skill` ENABLE KEYS */;
UNLOCK TABLES;

--
-- Table structure for table `skill_question_total`
--

DROP TABLE IF EXISTS `skill_question_total`;
/*!40101 SET @saved_cs_client     = @@character_set_client */;
/*!40101 SET character_set_client = utf8 */;
CREATE TABLE `skill_question_total` (
  `skill_number` varchar(25) NOT NULL,
  `total_number_of_questions` int(11) NOT NULL DEFAULT '10'
) ENGINE=InnoDB DEFAULT CHARSET=utf8;
/*!40101 SET character_set_client = @saved_cs_client */;

--
-- Dumping data for table `skill_question_total`
--

LOCK TABLES `skill_question_total` WRITE;
/*!40000 ALTER TABLE `skill_question_total` DISABLE KEYS */;
INSERT INTO `skill_question_total` VALUES ('A10_001',10),('A10_002',14),('A10_003',11),('A10_004',10),('A10_005',10),('A10_006',10),('G10_001',10),('G10_002',10),('G10_003',10),('G10_004',10),('G10_005',10),('G10_006',10),('G10_007',10),('G10_010',10),('M10_001',17),('M10_002',10),('M10_003',10),('M10_004',8),('M10_005',10),('M10_006',11),('M10_007',6),('M10_010',10),('M10_011',5),('M10_012',10),('M10_013',10),('M10_014',6),('M10_015',1),('M10_016',10),('M10_017',10),('M10_018',20),('M11_001',10),('A11_001',10),('A11_002',13),('A11_003',11),('A11_004',20),('A11_005',18),('G11_001',8),('G11_002',8),('G11_003',10),('G11_004',10),('G11_005',10),('G11_006',10),('G11_007',10),('G11_010',8),('M11_002',8),('M11_003',10),('M11_004',10),('M11_005',7),('M11_006',5),('M11_007',9),('M11_010',10),('M11_011',10),('M11_012',5),('M11_013',10),('M11_014',10),('M11_015',13),('M11_016',24),('M11_017',10),('M11_018',25),('A12_001',12),('A12_002',18),('A12_003',10),('A12_004',11),('A12_005',12),('G12_001',10),('G12_002',10),('G12_003',10),('G12_004',10),('G12_005',10),('G12_006',10),('G12_007',10),('G12_010',10),('M12_001',15),('M12_002',12),('M12_003',10),('M12_004',9),('M12_005',12),('M12_006',10),('M12_007',10),('M12_010',14),('M12_011',16),('M12_012',10),('M12_013',10),('M12_014',16),('M12_015',14),('M12_016',14),('M12_017',20),('A10_001',10),('A10_002',14),('A10_003',11),('A10_004',10),('A10_005',10),('A10_006',10),('G10_001',10),('G10_002',10),('G10_003',10),('G10_004',10),('G10_005',10),('G10_006',10),('G10_007',10),('G10_010',10),('M10_001',17),('M10_002',10),('M10_003',10),('M10_004',8),('M10_005',10),('M10_006',11),('M10_007',6),('M10_010',10),('M10_011',5),('M10_012',10),('M10_013',10),('M10_014',6),('M10_015',1),('M10_016',10),('M10_017',10),('M10_018',20),('M11_001',10),('A11_001',10),('A11_002',13),('A11_003',11),('A11_004',20),('A11_005',18),('G11_001',8),('G11_002',8),('G11_003',10),('G11_004',10),('G11_005',10),('G11_006',10),('G11_007',10),('G11_010',8),('M11_002',8),('M11_003',10),('M11_004',10),('M11_005',7),('M11_006',5),('M11_007',9),('M11_010',10),('M11_011',10),('M11_012',5),('M11_013',10),('M11_014',10),('M11_015',13),('M11_016',24),('M11_017',10),('M11_018',25),('A12_001',12),('A12_002',18),('A12_003',10),('A12_004',11),('A12_005',12),('G12_001',10),('G12_002',10),('G12_003',10),('G12_004',10),('G12_005',10),('G12_006',10),('G12_007',10),('G12_010',10),('M12_001',15),('M12_002',12),('M12_003',10),('M12_004',9),('M12_005',12),('M12_006',10),('M12_007',10),('M12_010',14),('M12_011',16),('M12_012',10),('M12_013',10),('M12_014',16),('M12_015',14),('M12_016',14),('M12_017',20),('A08_001',10),('A08_002',10),('A08_003',10),('A08_004',10),('A08_005',10),('M08_001',15),('M08_002',10),('M08_003',8),('M08_004',10),('M08_005',10),('M08_006',10),('M08_007',10),('M08_008',10),('M08_009',10),('M08_010',8),('M08_011',10),('M08_012',15),('M08_013',5),('M08_014',5),('M08_015',5),('A09_001',10),('A09_002',10),('A09_003',10),('A09_004',10),('A09_005',10),('M09_001',8),('M09_002',10),('M09_003',12),('M09_004',10),('M09_005',10),('M09_006',10),('M09_007',10),('M09_008',10),('M09_009',10),('M09_010',10),('M09_011',15),('M09_012',10),('M09_013',10),('M09_014',10);
/*!40000 ALTER TABLE `skill_question_total` ENABLE KEYS */;
UNLOCK TABLES;

--
-- Table structure for table `uploadedfile`
--

DROP TABLE IF EXISTS `uploadedfile`;
/*!40101 SET @saved_cs_client     = @@character_set_client */;
/*!40101 SET character_set_client = utf8 */;
CREATE TABLE `uploadedfile` (
  `id` int(11) NOT NULL AUTO_INCREMENT,
  `username` varchar(99) NOT NULL DEFAULT '',
  `length` int(11) NOT NULL,
  `bytes` blob,
  `name` varchar(99) NOT NULL,
  `type` varchar(25) NOT NULL,
  PRIMARY KEY (`username`),
  UNIQUE KEY `id` (`id`)
) ENGINE=InnoDB AUTO_INCREMENT=8 DEFAULT CHARSET=utf8;
/*!40101 SET character_set_client = @saved_cs_client */;

--
-- Dumping data for table `uploadedfile`
--

LOCK TABLES `uploadedfile` WRITE;
/*!40000 ALTER TABLE `uploadedfile` DISABLE KEYS */;
INSERT INTO `uploadedfile` VALUES (3,'heather',7788,NULL,'download (1)_1443784557051.jpg','image/jpeg'),(4,'jana.luther@pearson.com',0,NULL,'J.png','image/jpeg'),(5,'koketso.seloane@pearson.com',0,NULL,'K.png','image/jpeg'),(2,'nguni52',0,NULL,'B.png','image/jpeg'),(6,'palesa.motlhabane@pearson.com',0,NULL,'A.png','image/jpeg'),(1,'sylvana',0,NULL,'S.png','image/jpeg'),(7,'thando.thomas@pearson.com',0,NULL,'T.png','image/jpeg');
/*!40000 ALTER TABLE `uploadedfile` ENABLE KEYS */;
UNLOCK TABLES;

--
-- Table structure for table `user_register_token`
--

DROP TABLE IF EXISTS `user_register_token`;
/*!40101 SET @saved_cs_client     = @@character_set_client */;
/*!40101 SET character_set_client = utf8 */;
CREATE TABLE `user_register_token` (
  `id` int(11) NOT NULL AUTO_INCREMENT,
  `username` varchar(50) NOT NULL,
  `email` varchar(99) NOT NULL,
  `token` varchar(99) NOT NULL,
  `expired` varchar(6) NOT NULL DEFAULT 'false',
  `date_created` timestamp NOT NULL DEFAULT CURRENT_TIMESTAMP,
  PRIMARY KEY (`id`)
) ENGINE=InnoDB AUTO_INCREMENT=211 DEFAULT CHARSET=utf8;
/*!40101 SET character_set_client = @saved_cs_client */;

--
-- Dumping data for table `user_register_token`
--

LOCK TABLES `user_register_token` WRITE;
/*!40000 ALTER TABLE `user_register_token` DISABLE KEYS */;
INSERT INTO `user_register_token` VALUES (1,'nguni.phakela','nguni52@icloud.com','5dd4af6c-a7e9-4d6a-8ee4-6979d1658aad','false','2015-06-18 07:03:44'),(2,'elize.mehl@pearson.com','elize.mehl@pearson.com','31962ec5-8d0a-481a-a0bc-39c8c9ba6c32','false','2015-08-27 00:00:00'),(3,'jana.luther@pearson.com','jana.luther@pearson.com','f8c20898-d7db-4144-939b-d8b827beb393','false','2015-09-02 00:00:00'),(4,'Sarah.doubell@pearson.com','Sarah.doubell@pearson.com','db9dfd3f-7db8-4be4-931a-c3239f69cc51','false','2015-09-03 00:00:00'),(5,'nguni.phakela@pearson.com','nguni.phakela@pearson.com','688257dc-6163-4971-a78d-e0fee769b24f','false','2015-09-06 00:00:00'),(6,'Sarah.doubell@pearson.com','Sarah.doubell@pearson.com','5156bd94-6e60-4b27-bd9d-c3de81cb4824','false','2015-09-06 00:00:00'),(7,'nguni.phakela@pearson.com','nguni.phakela@pearson.com','51df3c20-6be9-4897-ba9f-216af3380666','false','2015-09-06 00:00:00'),(8,'nguni.phakela@pearson.com','nguni.phakela@pearson.com','4db52b52-ed3d-4dac-b9b6-f1f30a5f87b7','false','2015-09-06 00:00:00'),(9,'nguni.phakela@pearson.com','nguni.phakela@pearson.com','0a12828a-c386-4ae8-a740-6584a26fac9a','false','2015-09-06 00:00:00'),(10,'nguni.phakela@pearson.com','nguni.phakela@pearson.com','544cc0a7-cd00-463e-9259-262f7d292ffb','false','2015-09-06 00:00:00'),(11,'nguni.phakela@pearson.com','nguni.phakela@pearson.com','7f0b5fcb-81fe-4ce8-80a5-3299369a4b7a','false','2015-09-06 00:00:00'),(12,'nguni.phakela@pearson.com','nguni.phakela@pearson.com','521e01e8-903f-49a9-8d21-09656021c91a','false','2015-09-06 00:00:00'),(13,'nguni.phakela@pearson.com','nguni.phakela@pearson.com','2d6cbaaa-1cc6-41c7-9fc4-c0978c38ea19','false','2015-09-06 00:00:00'),(14,'nguni.phakela@pearson.com','nguni.phakela@pearson.com','35c93790-e270-41c9-a941-7bbb2d283242','false','2015-09-06 00:00:00'),(15,'nguni52@gmail.com','nguni52@gmail.com','2304a28b-5248-4c14-a317-eb50c539bfa1','false','2015-09-06 00:00:00'),(16,'nguni52@gmail.com','nguni52@gmail.com','575c1404-f641-4f77-93c9-8e9867fa6d2c','false','2015-09-06 00:00:00'),(17,'nguni52@icloud.com','nguni52@icloud.com','54c50f53-bc0e-4712-9e72-de25d6892413','false','2015-09-06 00:00:00'),(18,'nguni52@icloud.com','nguni52@icloud.com','44f4c556-0cf9-4431-9c63-7192528b5ea5','false','2015-09-06 00:00:00'),(19,'veronica.napier@pearson.com','veronica.napier@pearson.com','2e385336-dc31-475b-927a-1d37ac94f980','false','2015-09-07 00:00:00'),(20,'veronica.napier@pearson.com','veronica.napier@pearson.com','7557121b-a57e-4175-a0ca-093403277b01','false','2015-09-07 00:00:00'),(21,'Sarah.doubell@pearson.com','Sarah.doubell@pearson.com','c1b90714-c926-47ce-9a04-fd47a92b5d54','false','2015-09-08 00:00:00'),(22,'Sarah.doubell@pearson.com','Sarah.doubell@pearson.com','9b429d66-d2f6-4af1-8ac7-9d28cd1cc56a','false','2015-09-08 00:00:00'),(23,'nguni52@gmail.com','nguni52@gmail.com','957e6185-d890-4a87-879c-c1fe08bf257b','false','2015-09-08 00:00:00'),(24,'nguni52@gmail.com','nguni52@gmail.com','3eb63dcb-430a-4e12-be10-4fd17d28d7c2','false','2015-09-08 00:00:00'),(25,'ighsaan.robinson@pearson.com','ighsaan.robinson@pearson.com','17eb959b-17b5-4a2a-89fc-fd5e014df223','false','2015-09-08 00:00:00'),(26,'ighsaan.robinson@pearson.com','ighsaan.robinson@pearson.com','8e102b67-ca62-478b-8d22-d0c89d31914c','false','2015-09-08 00:00:00'),(27,'seshni.naicker@pearson.com','seshni.naicker@pearson.com','faef706b-9a4d-4594-a613-d0fdcd2abe98','false','2015-09-09 00:00:00'),(28,'seshni.naicker@pearson.com','seshni.naicker@pearson.com','c18e8588-e929-4d64-9afb-8951234a9553','false','2015-09-09 00:00:00'),(29,'cassandra.shaw@pearson.com','cassandra.shaw@pearson.com','3636f4d8-7972-47e2-8c3d-ee828a2f374a','false','2015-09-09 00:00:00'),(30,'cassandra.shaw@pearson.com','cassandra.shaw@pearson.com','98b7e42b-41ca-40c5-bb2a-566603ade79a','false','2015-09-09 00:00:00'),(31,'heather.brogan@pearson.com','heather.brogan@pearson.com','80d64b8d-13ee-4154-b760-d683e6383b47','false','2015-09-10 00:00:00'),(32,'heather.brogan@pearson.com','heather.brogan@pearson.com','ad9f9bb9-98d2-4a3e-b89f-ef45e5def3f2','false','2015-09-10 00:00:00'),(33,'jlanser@bishops.org.za','jlanser@bishops.org.za','1e4cfadf-eac9-4853-b152-e8950c9e0aae','false','2015-09-11 00:00:00'),(34,'jlanser@bishops.org.za','jlanser@bishops.org.za','b45fabfd-b0de-4978-967d-8f33b068b8a2','false','2015-09-11 00:00:00'),(35,'millenniumigy@gmail.com','millenniumigy@gmail.com','40445269-6d3c-484d-b23d-2dc1b14459a0','false','2015-09-11 00:00:00'),(36,'millenniumigy@gmail.com','millenniumigy@gmail.com','e5fb5cf2-8c77-4fc0-8423-c4fbc4d95be6','false','2015-09-11 00:00:00'),(37,'jlanser@bishops.org.za','jlanser@bishops.org.za','7c560529-02c0-44e0-9a37-c911210eb63a','false','2015-09-12 00:00:00'),(38,'jlanser@bishops.org.za','jlanser@bishops.org.za','b84a589a-805d-488e-88c4-41a8f382910a','false','2015-09-12 00:00:00'),(39,'ngerhardi@bishops.org.za','ngerhardi@bishops.org.za','17019475-93ec-4aca-b972-20f85e295d73','false','2015-09-14 00:00:00'),(40,'ngerhardi@bishops.org.za','ngerhardi@bishops.org.za','f35e4420-ed51-4b6d-8780-5e5c61d3331a','false','2015-09-14 00:00:00'),(41,'veronica.napier@pearson.com','veronica.napier@pearson.com','46fc9873-060e-4b87-a77d-58e95d0d8a8d','false','2015-09-17 00:00:00'),(42,'veronica.napier@pearson.com','veronica.napier@pearson.com','6b253445-172d-43ba-ad94-f5b636f21983','false','2015-09-17 00:00:00'),(43,'tania.coetzee@pearson.com','tania.coetzee@pearson.com','02f7f813-0baa-443b-ae47-fcd398ec8af9','false','2015-09-17 00:00:00'),(44,'tania.coetzee@pearson.com','tania.coetzee@pearson.com','4806f193-940c-46a3-848d-1909e276e1ff','false','2015-09-17 00:00:00'),(45,'michelle.reynolds@pearson.com','michelle.reynolds@pearson.com','d8764128-4b7a-4261-89a9-bcc73d7c900c','false','2015-09-17 00:00:00'),(46,'michelle.reynolds@pearson.com','michelle.reynolds@pearson.com','0c1cc543-45a6-4258-87f5-2e8420bcc6a1','false','2015-09-17 00:00:00'),(47,'michelle.reynolds@pearson.com','michelle.reynolds@pearson.com','7f76b56d-33a5-4d06-8321-c317e770f05f','false','2015-09-17 00:00:00'),(48,'natasha.reeler@pearson.com','natasha.reeler@pearson.com','960fca51-4581-4daa-9817-1e6917010610','false','2015-09-17 00:00:00'),(49,'natasha.reeler@pearson.com','natasha.reeler@pearson.com','a73b8a99-13d5-4b6d-8402-22e656c01b2f','false','2015-09-17 00:00:00'),(50,'frances.geddie@pearson.com','frances.geddie@pearson.com','d695da89-cae1-43c4-b8a4-ceb0e2378c81','false','2015-09-17 00:00:00'),(51,'frances.geddie@pearson.com','frances.geddie@pearson.com','67cfd778-5425-4a1b-9a47-01839441f62b','false','2015-09-17 00:00:00'),(52,'ianthe.norton@pearson.com','ianthe.norton@pearson.com','2a6e1e8a-e0fc-438e-9fe8-3ea956fc5b43','false','2015-09-17 00:00:00'),(53,'ianthe.norton@pearson.com','ianthe.norton@pearson.com','2734e02c-affa-4e17-b5e0-aba490b3e3fc','false','2015-09-17 00:00:00'),(54,'nicolet.durandt@pearson.com','nicolet.durandt@pearson.com','880f4a2d-2625-4287-8250-a5ac63cb7be8','false','2015-09-17 00:00:00'),(55,'nicolet.durandt@pearson.com','nicolet.durandt@pearson.com','e650ed27-ec6e-4fda-9330-55f7dc9b368e','false','2015-09-17 00:00:00'),(56,'gaynor.higgs@pearson.com','gaynor.higgs@pearson.com','a8f6c2c3-532f-4cfa-916c-1ee3fe4779c1','false','2015-09-17 00:00:00'),(57,'zolile.mgijima@pearson.com','zolile.mgijima@pearson.com','02a9722a-0c45-4aea-8e74-b33291ba32dc','false','2015-09-17 00:00:00'),(58,'gaynor.higgs@pearson.com','gaynor.higgs@pearson.com','614ac8f2-0fcf-4c1d-a4a6-313a17167ddd','false','2015-09-17 00:00:00'),(59,'zolile.mgijima@pearson.com','zolile.mgijima@pearson.com','ebbcff3e-4148-424c-82e8-1d4d1fbfc31d','false','2015-09-17 00:00:00'),(60,'rowena.abrahams@pearson.com','rowena.abrahams@pearson.com','bd4f85c1-6dfe-41a4-bd2e-072aa45f388a','false','2015-09-17 00:00:00'),(61,'rowena.abrahams@pearson.com','rowena.abrahams@pearson.com','523f28cf-7fcc-458d-9aae-9cce4520e96c','false','2015-09-17 00:00:00'),(62,'reyhaad.abrahams@pearson.com','reyhaad.abrahams@pearson.com','3749449b-9f0a-4a2e-a4c6-e2458b66b36b','false','2015-09-17 00:00:00'),(63,'reyhaad.abrahams@pearson.com','reyhaad.abrahams@pearson.com','821c5a76-f6cf-49bb-82be-51656d56f0bc','false','2015-09-17 00:00:00'),(64,'tazneem.decock@pearson.com','tazneem.decock@pearson.com','7a4c049a-82d2-4124-9685-69dfa30d30e4','false','2015-09-17 00:00:00'),(65,'tazneem.decock@pearson.com','tazneem.decock@pearson.com','06348c4e-841e-4613-9c29-ee0ec6a21c70','false','2015-09-17 00:00:00'),(66,'elizna.hanekom@pearson.com','elizna.hanekom@pearson.com','df0ba5a1-95b4-4e0e-ac87-920502ba6fad','false','2015-09-17 00:00:00'),(67,'elizna.hanekom@pearson.com','elizna.hanekom@pearson.com','f069044f-155a-4d92-ab4c-ccfe2dbcc027','false','2015-09-17 00:00:00'),(68,'ondluhlanga.rubushe@pearson.com','ondluhlanga.rubushe@pearson.com','37b317eb-4420-460c-bccb-1742d33e8ffb','false','2015-09-17 00:00:00'),(69,'ondluhlanga.rubushe@pearson.com','ondluhlanga.rubushe@pearson.com','1efbb89d-fcff-4311-8953-f1c6968caada','false','2015-09-17 00:00:00'),(70,'sinethemba.mhlonto@pearson.com','sinethemba.mhlonto@pearson.com','689c5787-1b40-4b11-b919-5176e46e084b','false','2015-09-17 00:00:00'),(71,'sinethemba.mhlonto@pearson.com','sinethemba.mhlonto@pearson.com','3670c7bd-e080-4626-b169-1cf0c66e2de5','false','2015-09-17 00:00:00'),(72,'thando.thomas@pearson.com','thando.thomas@pearson.com','96e73c48-d0e0-4798-b0bf-7b067521189c','false','2015-09-17 00:00:00'),(73,'thando.thomas@pearson.com','thando.thomas@pearson.com','5c00f139-4bd0-48b7-ba16-6f0cf6cb2fa4','false','2015-09-17 00:00:00'),(74,'nitesh.ramlagan@pearson.com','nitesh.ramlagan@pearson.com','6869980a-c425-434a-b60b-0980f6ec9287','false','2015-09-17 00:00:00'),(75,'nitesh.ramlagan@pearson.com','nitesh.ramlagan@pearson.com','88b6ee92-8b92-4d75-9a16-23126477dd50','false','2015-09-17 00:00:00'),(76,'farouk.bobat@pearson.com','farouk.bobat@pearson.com','a2685b34-1dd1-4632-8967-aa970b4fe056','false','2015-09-17 00:00:00'),(77,'farouk.bobat@pearson.com','farouk.bobat@pearson.com','5ccdad3e-a970-4183-9c0e-ef04aa6b18d2','false','2015-09-17 00:00:00'),(78,'roscoe.concer@pearson.com','roscoe.concer@pearson.com','e6bd1cf0-670d-47a8-bc50-1ec647a0d0c1','false','2015-09-17 00:00:00'),(79,'roscoe.concer@pearson.com','roscoe.concer@pearson.com','da123188-73e6-4c7a-9b49-058fa2bdfa1d','false','2015-09-17 00:00:00'),(80,'ben.ndaba@pearson.com','ben.ndaba@pearson.com','f90d2859-feca-4c21-887e-66920b745027','false','2015-09-17 00:00:00'),(81,'anusia.naicker@pearson.com','anusia.naicker@pearson.com','cfa3e483-8a82-443f-b3d2-49e485677d4a','false','2015-09-17 00:00:00'),(82,'ben.ndaba@pearson.com','ben.ndaba@pearson.com','ef6bc011-cd73-4425-94fe-a1d308147481','false','2015-09-17 00:00:00'),(83,'john.mahlangu@pearson.com','john.mahlangu@pearson.com','63a444ba-71ad-4b96-827a-35a9afb18c6b','false','2015-09-17 00:00:00'),(84,'anusia.naicker@pearson.com','anusia.naicker@pearson.com','5b0e4e4f-4204-4fa5-b00b-8644e991eba2','false','2015-09-17 00:00:00'),(85,'john.mahlangu@pearson.com','john.mahlangu@pearson.com','76245fd0-0aa3-4d26-bb34-8c672690fac2','false','2015-09-17 00:00:00'),(86,'happy.thokwane@pearson.com','happy.thokwane@pearson.com','d304b547-8758-43ed-95ec-2406bf38989c','false','2015-09-17 00:00:00'),(87,'happy.thokwane@pearson.com','happy.thokwane@pearson.com','f3c30a76-c4f7-4bf9-ba36-cfd69cdc0142','false','2015-09-17 00:00:00'),(88,'palesa.motlhabane@pearson.com','palesa.motlhabane@pearson.com','93a1b845-8730-415e-ace8-5ccd87c1789d','false','2015-09-17 00:00:00'),(89,'palesa.motlhabane@pearson.com','palesa.motlhabane@pearson.com','e682e3db-a8ba-40e2-be89-389403b9633f','false','2015-09-17 00:00:00'),(90,'tutu.zwane@pearson.com','tutu.zwane@pearson.com','0ec3e636-ef35-4b6b-9404-d75cb3de9631','false','2015-09-17 00:00:00'),(91,'tutu.zwane@pearson.com','tutu.zwane@pearson.com','83360c95-9da0-4279-8627-9c9d38f0ece2','false','2015-09-17 00:00:00'),(92,'pemlah.tlhong@pearson.com','pemlah.tlhong@pearson.com','dc184244-3427-4775-8c4e-23dd6c0b29d2','false','2015-09-17 00:00:00'),(93,'pemlah.tlhong@pearson.com','pemlah.tlhong@pearson.com','89e49f4b-97b2-40a2-925e-4aef721d16b1','false','2015-09-17 00:00:00'),(94,'ester.sarlie@pearson.com','ester.sarlie@pearson.com','e3305fb6-c647-40de-a125-922e3b54d5c3','false','2015-09-17 00:00:00'),(95,'koketso.seloane@pearson.com','koketso.seloane@pearson.com','b2cd116c-0d08-4cdd-9a46-3d35d7b600c1','false','2015-09-17 00:00:00'),(96,'ester.sarlie@pearson.com','ester.sarlie@pearson.com','4200681b-9daa-4c62-bff9-9725a4979546','false','2015-09-17 00:00:00'),(97,'mbali.mbatha@pearson.com','mbali.mbatha@pearson.com','218ad952-619a-43e4-9116-9d03d74f2b61','false','2015-09-17 00:00:00'),(98,'koketso.seloane@pearson.com','koketso.seloane@pearson.com','2fd4e767-23c6-4531-9af8-54f2be19af42','false','2015-09-17 00:00:00'),(99,'mbali.mbatha@pearson.com','mbali.mbatha@pearson.com','85f45c7d-6546-460e-abc7-55c81fdb60eb','false','2015-09-17 00:00:00'),(100,'ndileka.pohlwana@pearson.com','ndileka.pohlwana@pearson.com','dbf2cfbc-7aeb-4ead-a432-1b12d4871ba5','false','2015-09-17 00:00:00'),(101,'ndileka.pohlwana@pearson.com','ndileka.pohlwana@pearson.com','04f58be4-8c7c-4e94-9270-be011d2755ca','false','2015-09-17 00:00:00'),(102,'billy.malele@pearson.com','billy.malele@pearson.com','84f13463-0dfd-4d97-9b39-294bf779ddcd','false','2015-09-17 00:00:00'),(103,'billy.malele@pearson.com','billy.malele@pearson.com','c3f75117-758a-40d4-b976-39554a520daa','false','2015-09-17 00:00:00'),(104,'ngaka.kekana@pearson.com','ngaka.kekana@pearson.com','2a23f6db-f82b-44de-9354-8130e9c3af87','false','2015-09-17 00:00:00'),(105,'godfrey.maphutha@pearson.com','godfrey.maphutha@pearson.com','d99315e7-aea1-425d-ac09-3b605d75227f','false','2015-09-17 00:00:00'),(106,'ngaka.kekana@pearson.com','ngaka.kekana@pearson.com','2b252d8b-e3b2-404e-96ab-5cbbb402df89','false','2015-09-17 00:00:00'),(107,'donald.bojang@pearson.com','donald.bojang@pearson.com','a30bbd62-0a66-4dc0-862d-8593c2b44fd0','false','2015-09-17 00:00:00'),(108,'godfrey.maphutha@pearson.com','godfrey.maphutha@pearson.com','58aa7f1b-9ef7-4ba6-8220-e616f204f24e','false','2015-09-17 00:00:00'),(109,'edwin.madisha@pearson.com','edwin.madisha@pearson.com','4ddaf87d-379a-4568-abb3-c319858bb374','false','2015-09-17 00:00:00'),(110,'donald.bojang@pearson.com','donald.bojang@pearson.com','cb6e4957-b5af-4bff-8a83-cc5b7019fa8b','false','2015-09-17 00:00:00'),(111,'reggie.mokotsi@pearson.com','reggie.mokotsi@pearson.com','4756f381-e76f-447b-9005-4118f0e8b598','false','2015-09-17 00:00:00'),(112,'edwin.madisha@pearson.com','edwin.madisha@pearson.com','dad7ab07-0b79-4701-9a36-2d75edb7f86a','false','2015-09-17 00:00:00'),(113,'frances.geddie@pearson.com','frances.geddie@pearson.com','c4591edb-12be-4965-b95f-5d09f6910edd','false','2015-09-17 00:00:00'),(114,'reggie.mokotsi@pearson.com','reggie.mokotsi@pearson.com','c55b63d0-2b57-4a0e-b0f3-d27fc2f74e95','false','2015-09-17 00:00:00'),(115,'nicolet.durandt@pearson.com','nicolet.durandt@pearson.com','cf9dccb7-26db-4287-bdf4-af489bc5a01a','false','2015-09-17 00:00:00'),(116,'frances.geddie@pearson.com','frances.geddie@pearson.com','487fe47e-64fc-4f70-861b-f32fe168de08','false','2015-09-17 00:00:00'),(117,'rowena.abrahams@pearson.com','rowena.abrahams@pearson.com','f454faa4-ee11-4eaa-aa4d-ce7b95f30aec','false','2015-09-17 00:00:00'),(118,'nicolet.durandt@pearson.com','nicolet.durandt@pearson.com','ab59217c-4715-48ae-8120-104160e6e74d','false','2015-09-17 00:00:00'),(119,'rowena.abrahams@pearson.com','rowena.abrahams@pearson.com','9bb8667e-33b1-4120-929c-03b209e069c3','false','2015-09-17 00:00:00'),(120,'tazneem.decock@pearson.com','tazneem.decock@pearson.com','12f6f4e0-e4e4-430a-82ad-fa5ef2d6569a','false','2015-09-17 00:00:00'),(121,'tazneem.decock@pearson.com','tazneem.decock@pearson.com','7f748f1a-a9a7-4f4c-83bb-a061c84c288f','false','2015-09-17 00:00:00'),(122,'sinethemba.mhlonto@pearson.com','sinethemba.mhlonto@pearson.com','e0a41969-3a76-4efc-8a82-7f6c44e70aa2','false','2015-09-17 00:00:00'),(123,'sinethemba.mhlonto@pearson.com','sinethemba.mhlonto@pearson.com','747d98f1-566f-421c-86f0-e4bc42f6dd33','false','2015-09-17 00:00:00'),(124,'nitesh.ramlagan@pearson.com','nitesh.ramlagan@pearson.com','552fa953-fb07-4df4-8f35-3059a36236b8','false','2015-09-17 00:00:00'),(125,'nitesh.ramlagan@pearson.com','nitesh.ramlagan@pearson.com','2e61c370-1953-4b90-bfa7-2a85f1fe346d','false','2015-09-17 00:00:00'),(126,'roscoe.concer@pearson.com','roscoe.concer@pearson.com','78675232-04fc-4554-b3dc-6351136d486e','false','2015-09-17 00:00:00'),(127,'roscoe.concer@pearson.com','roscoe.concer@pearson.com','131b5564-4819-4a2e-ad8e-27127c664a0a','false','2015-09-17 00:00:00'),(128,'john.mahlangu@pearson.com','john.mahlangu@pearson.com','e4a5a738-adc7-4e5b-b9d9-4fadca7523da','false','2015-09-17 00:00:00'),(129,'john.mahlangu@pearson.com','john.mahlangu@pearson.com','c811f9f7-53fb-4d8e-aa4e-71c9fe2f2db7','false','2015-09-17 00:00:00'),(130,'palesa.motlhabane@pearson.com','palesa.motlhabane@pearson.com','0bf94307-5bf1-4539-9a5c-c3cff31a1770','false','2015-09-17 00:00:00'),(131,'palesa.motlhabane@pearson.com','palesa.motlhabane@pearson.com','25ce66c5-923a-4da7-acc6-a1282376f9cc','false','2015-09-17 00:00:00'),(132,'pemlah.tlhong@pearson.com','pemlah.tlhong@pearson.com','672ac984-3f10-419c-a1e8-c8595f074e36','false','2015-09-17 00:00:00'),(133,'pemlah.tlhong@pearson.com','pemlah.tlhong@pearson.com','338956eb-9f88-4160-aeec-a1b9f798ada4','false','2015-09-17 00:00:00'),(134,'mbali.mbatha@pearson.com','mbali.mbatha@pearson.com','8641e60c-814b-491a-af76-a46acc5bae96','false','2015-09-17 00:00:00'),(135,'mbali.mbatha@pearson.com','mbali.mbatha@pearson.com','3ca6a20c-3f30-4a01-973b-93bdb06910d7','false','2015-09-17 00:00:00'),(136,'billy.malele@pearson.com','billy.malele@pearson.com','130a82b9-ad0c-47f9-961a-04125d3a9a73','false','2015-09-17 00:00:00'),(137,'billy.malele@pearson.com','billy.malele@pearson.com','ba32573f-5ec4-48f4-a28b-135f221c682c','false','2015-09-17 00:00:00'),(138,'godfrey.maphutha@pearson.com','godfrey.maphutha@pearson.com','4e308e48-d77f-42e3-88f8-d0ac5c98895c','false','2015-09-17 00:00:00'),(139,'edwin.madisha@pearson.com','edwin.madisha@pearson.com','32de92aa-09b2-455d-b09d-894ccfba788a','false','2015-09-17 00:00:00'),(140,'godfrey.maphutha@pearson.com','godfrey.maphutha@pearson.com','6ba4cdbd-003b-4d34-8d5c-5a63b9b4af73','false','2015-09-17 00:00:00'),(141,'frances.geddie@pearson.com','frances.geddie@pearson.com','9c02c78d-72cc-4331-b0c4-797eb8f72899','false','2015-09-17 00:00:00'),(142,'rowena.abrahams@pearson.com','rowena.abrahams@pearson.com','a7a4e9c8-040a-49cf-adbb-bda74cc9af4d','false','2015-09-17 00:00:00'),(143,'edwin.madisha@pearson.com','edwin.madisha@pearson.com','65a59d8e-2823-4448-a95c-79d45aed3e97','false','2015-09-17 00:00:00'),(144,'sinethemba.mhlonto@pearson.com','sinethemba.mhlonto@pearson.com','93cb79e9-b370-466f-893d-44a84eb2dda9','false','2015-09-17 00:00:00'),(145,'rowena.abrahams@pearson.com','rowena.abrahams@pearson.com','4f19a7a6-75ca-4190-bcf2-bc5833821254','false','2015-09-17 00:00:00'),(146,'sinethemba.mhlonto@pearson.com','sinethemba.mhlonto@pearson.com','ab8c2e6d-3bf2-4559-a86f-be54824d29fc','false','2015-09-17 00:00:00'),(147,'john.mahlangu@pearson.com','john.mahlangu@pearson.com','c62d1d68-c305-41a9-81ed-4eec5f1801e8','false','2015-09-17 00:00:00'),(148,'john.mahlangu@pearson.com','john.mahlangu@pearson.com','2b4cf480-3a5b-4bca-b419-446f829e4913','false','2015-09-17 00:00:00'),(149,'pemlah.tlhong@pearson.com','pemlah.tlhong@pearson.com','00c77f3c-c39d-466d-998a-0838ba18f7da','false','2015-09-17 00:00:00'),(150,'pemlah.tlhong@pearson.com','pemlah.tlhong@pearson.com','b5b9246c-69c6-4284-93ac-7628dfe42fff','false','2015-09-17 00:00:00'),(151,'billy.malele@pearson.com','billy.malele@pearson.com','b1026ec0-a5a4-49ee-a0b7-ff6e17b13aa4','false','2015-09-17 00:00:00'),(152,'billy.malele@pearson.com','billy.malele@pearson.com','6e5c5313-481d-4e9b-ab7f-9bda1362740e','false','2015-09-17 00:00:00'),(153,'edwin.madisha@pearson.com','edwin.madisha@pearson.com','fc3d906f-c20f-4bac-ba36-468ca599fc4e','false','2015-09-17 00:00:00'),(154,'edwin.madisha@pearson.com','edwin.madisha@pearson.com','007d2d9b-be1e-4188-aad8-447d70a6bec9','false','2015-09-17 00:00:00'),(155,'sinethemba.mhlonto@pearson.com','sinethemba.mhlonto@pearson.com','12152bae-75ae-44d3-a806-c96bdd1b9b7f','false','2015-09-17 00:00:00'),(156,'pemlah.tlhong@pearson.com','pemlah.tlhong@pearson.com','8d124677-431e-43ee-893b-b36c8386ac1a','false','2015-09-17 00:00:00'),(157,'pemlah.tlhong@pearson.com','pemlah.tlhong@pearson.com','d0edb8a4-c034-4ee9-ae07-6f2a31134f98','false','2015-09-17 00:00:00'),(158,'edwin.madisha@pearson.com','edwin.madisha@pearson.com','1b196c1e-16c3-4dd5-b8a1-ed726511bf9c','false','2015-09-17 00:00:00'),(159,'edwin.madisha@pearson.com','edwin.madisha@pearson.com','8c25c1a4-120a-42d5-a9ec-5294f22b843c','false','2015-09-17 00:00:00'),(160,'edwin.madisha@pearson.com','edwin.madisha@pearson.com','c4b27532-897a-473c-85e3-1deb17acf719','false','2015-09-17 00:00:00'),(161,'edwin.madisha@pearson.com','edwin.madisha@pearson.com','2f1f31ff-9804-41b6-927b-da8115696682','false','2015-09-17 00:00:00'),(162,'heather.brogan@pearson.com','heather.brogan@pearson.com','d24d0379-af2f-4b9a-9366-e849e3cc5b28','false','2015-09-22 00:00:00'),(163,'heather.brogan@pearson.com','heather.brogan@pearson.com','aacec233-4067-4bad-a945-d09d3fbdb6c2','false','2015-09-22 00:00:00'),(164,'heather.brogan@pearson.com','heather.brogan@pearson.com','316ec486-db4f-40d2-8f88-ad86843d9f5c','false','2015-09-29 00:00:00'),(165,'heather.brogan@pearson.com','heather.brogan@pearson.com','90e1896a-cc76-4f7e-8d8f-2a75b90dc4a2','false','2015-09-29 00:00:00'),(166,'heather.brogan@pearson.com','heather.brogan@pearson.com','541fc4ea-ad33-4cd9-b5a8-a3d104f90605','false','2015-09-29 00:00:00'),(167,'heather.brogan@pearson.com','heather.brogan@pearson.com','2cbdf31b-921b-442d-964b-b572c51b2107','false','2015-09-29 00:00:00'),(168,'heather.brogan@pearson.com','heather.brogan@pearson.com','81d6ce67-9bf6-4f94-b75a-6a2e06ae09ab','false','2015-09-29 00:00:00'),(169,'heather.brogan@pearson.com','heather.brogan@pearson.com','9d6cf80f-e545-41d7-8814-8d2b2d52537e','false','2015-09-29 00:00:00'),(170,'heather.brogan@pearson.com','heather.brogan@pearson.com','67da293b-0cf3-415f-b5a5-bfd35c22ba04','false','2015-09-29 00:00:00'),(171,'heather.brogan@pearson.com','heather.brogan@pearson.com','69bbfc33-0ca0-42da-aed6-dfb0c952227f','false','2015-09-29 00:00:00'),(172,'heather.brogan@pearson.com','heather.brogan@pearson.com','e18a949d-bdac-409c-98d5-96d514883679','false','2015-09-29 00:00:00'),(173,'heather.brogan@pearson.com','heather.brogan@pearson.com','309227e5-c027-41f0-b7df-730d39acc9db','false','2015-09-29 00:00:00'),(174,'richard.norman2@pearson.com','richard.norman2@pearson.com','a8df79c0-8834-4c57-b714-eb6dab222a8e','false','2015-09-29 00:00:00'),(175,'richard.norman2@pearson.com','richard.norman2@pearson.com','aee76328-4459-46a0-b5b2-67dd8da86f91','false','2015-09-29 00:00:00'),(176,'john.mahlangu@pearson.com','john.mahlangu@pearson.com','1e02c6f8-78ab-48dc-9c2a-c9ecceaa7f20','false','2015-09-29 00:00:00'),(177,'john.mahlangu@pearson.com','john.mahlangu@pearson.com','e388474d-7102-45af-9f79-c760a9dc1e58','false','2015-09-29 00:00:00'),(178,'happy.thokwane@pearson.com','happy.thokwane@pearson.com','9706a9ad-de93-47b2-9dc7-b7e1c4a0ac25','false','2015-09-29 00:00:00'),(179,'palesa.motlhabane@pearson.com','palesa.motlhabane@pearson.com','7f81b1aa-b8af-4a27-9ba8-b7db476fc893','false','2015-09-29 00:00:00'),(180,'palesa.motlhabane@pearson.com','palesa.motlhabane@pearson.com','ded706cd-2475-47c3-a6d2-e7d09b1c07b0','false','2015-09-29 00:00:00'),(181,'palesa.motlhabane@pearson.com','palesa.motlhabane@pearson.com','33362632-bdbf-42aa-83ad-eb4414819e34','false','2015-09-29 00:00:00'),(182,'tutu.zwane@pearson.com','tutu.zwane@pearson.com','4a3d943c-47df-490e-b1ae-c61f0a552e1b','false','2015-09-29 00:00:00'),(183,'tutu.zwane@pearson.com','tutu.zwane@pearson.com','f27e70c5-49dc-4384-895a-e1a3973f9848','false','2015-09-29 00:00:00'),(184,'pemlah.tlhong@pearson.com','pemlah.tlhong@pearson.com','25616521-5d71-42c6-b640-ee2a37783b62','false','2015-09-29 00:00:00'),(185,'pemlah.tlhong@pearson.com','pemlah.tlhong@pearson.com','3fbd3f5a-83f1-4fac-a31f-f724563be92d','false','2015-09-29 00:00:00'),(186,'ester.sarlie@pearson.com','ester.sarlie@pearson.com','ed998e2e-4877-44de-ac35-3628cc329a0a','false','2015-09-29 00:00:00'),(187,'ester.sarlie@pearson.com','ester.sarlie@pearson.com','2cf996fb-250b-428c-89c2-6eb12077ee40','false','2015-09-29 00:00:00'),(188,'koketso.seloane@pearson.com','koketso.seloane@pearson.com','80d13041-d834-420b-85d6-bb711e4cc829','false','2015-09-29 00:00:00'),(189,'mbali.mbatha@pearson.com','mbali.mbatha@pearson.com','b94e67fe-b535-4678-bdcc-f1cbbe0d906b','false','2015-09-29 00:00:00'),(190,'koketso.seloane@pearson.com','koketso.seloane@pearson.com','b3aa9815-efcc-48b8-87f3-8a39f43501c5','false','2015-09-29 00:00:00'),(191,'mbali.mbatha@pearson.com','mbali.mbatha@pearson.com','f9edaba9-5842-4103-a98b-f1ac5be23416','false','2015-09-29 00:00:00'),(192,'tutu.zwane@pearson.com','tutu.zwane@pearson.com','24df50cb-d8ef-4360-9445-17571831b515','false','2015-09-29 00:00:00'),(193,'tutu.zwane@pearson.com','tutu.zwane@pearson.com','166f7eaa-ea68-4f46-8389-3f23efe094d2','false','2015-09-29 00:00:00'),(194,'ester.sarlie@pearson.com','ester.sarlie@pearson.com','ff36e6a1-bd68-47d7-ad49-59ff8a2a67d4','false','2015-09-29 00:00:00'),(195,'ester.sarlie@pearson.com','ester.sarlie@pearson.com','4b9024e2-87b4-4ad0-a8f0-f68424de595b','false','2015-09-29 00:00:00'),(196,'mbali.mbatha@pearson.com','mbali.mbatha@pearson.com','53c784aa-4ad2-4464-8627-e749cdeae512','false','2015-09-29 00:00:00'),(197,'tutu.zwane@pearson.com','tutu.zwane@pearson.com','6ef72a90-8ab1-4ab7-8f28-45200fd9efc4','false','2015-09-29 00:00:00'),(198,'tutu.zwane@pearson.com','tutu.zwane@pearson.com','34a40026-cd56-4e3b-8ee9-a461447ab33b','false','2015-09-29 00:00:00'),(199,'Sarah.doubell@pearson.com','Sarah.doubell@pearson.com','dc92bfb8-12bc-4e6a-986a-bdda4c5aa5ff','false','2015-09-29 00:00:00'),(200,'Sarah.doubell@pearson.com','Sarah.doubell@pearson.com','889e15dc-74f6-4770-8572-a6f670da79b5','false','2015-09-29 00:00:00'),(201,'mbali.mbatha@pearson.com','mbali.mbatha@pearson.com','e0253767-e68b-45dd-9f5a-3bd26c3303d3','false','2015-09-30 00:00:00'),(202,'mbali.mbatha@pearson.com','mbali.mbatha@pearson.com','5aa805d5-03f5-491d-b7e2-fac60c997957','false','2015-09-30 00:00:00'),(203,'heather','heather.brogan@pearson.com','1938f3a6-5283-4477-9194-f04eed52d0fb','false','2015-09-30 00:00:00'),(204,'heather','heather.brogan@pearson.com','1938f3a6-5283-4477-9194-f04eed52d0fb','true','2015-09-30 00:00:00'),(205,'nguni52','nguni52@gmail.com','0311fb52-ffb3-4353-966e-69af78e2dfd4','false','2015-10-01 00:00:00'),(206,'nguni52','nguni52@gmail.com','0311fb52-ffb3-4353-966e-69af78e2dfd4','true','2015-10-01 00:00:00'),(207,'nguni52@icloud.com','nguni52@icloud.com','c959d337-cec1-4963-8431-5a124e068065','false','2015-10-01 00:00:00'),(208,'nguni52@icloud.com','nguni52@icloud.com','c959d337-cec1-4963-8431-5a124e068065','true','2015-10-01 00:00:00'),(209,'reyhaad.abrahams@pearson.com','reyhaad.abrahams@pearson.com','fc93eeb6-7dbc-4aa4-a37d-246e1d86ff14','false','2015-10-05 00:00:00'),(210,'reyhaad.abrahams@pearson.com','reyhaad.abrahams@pearson.com','fc93eeb6-7dbc-4aa4-a37d-246e1d86ff14','true','2015-10-05 00:00:00');
/*!40000 ALTER TABLE `user_register_token` ENABLE KEYS */;
UNLOCK TABLES;

--
-- Table structure for table `user_roles`
--

DROP TABLE IF EXISTS `user_roles`;
/*!40101 SET @saved_cs_client     = @@character_set_client */;
/*!40101 SET character_set_client = utf8 */;
CREATE TABLE `user_roles` (
  `user_role_id` int(11) NOT NULL AUTO_INCREMENT,
  `username` varchar(45) NOT NULL,
  `ROLE` varchar(45) NOT NULL,
  PRIMARY KEY (`user_role_id`),
  UNIQUE KEY `uni_username_role` (`ROLE`,`username`),
  KEY `fk_username` (`username`),
  CONSTRAINT `fk_username` FOREIGN KEY (`username`) REFERENCES `users` (`username`)
) ENGINE=InnoDB AUTO_INCREMENT=77 DEFAULT CHARSET=utf8;
/*!40101 SET character_set_client = @saved_cs_client */;

--
-- Dumping data for table `user_roles`
--

LOCK TABLES `user_roles` WRITE;
/*!40000 ALTER TABLE `user_roles` DISABLE KEYS */;
INSERT INTO `user_roles` VALUES (30,'nguni52','ROLE_REMOTE'),(32,'stuart.franke','ROLE_REMOTE'),(11,'absolom.mugwagwa','ROLE_USER'),(31,'adele.farmer','ROLE_USER'),(2,'admin','ROLE_USER'),(69,'anthea.branders@pearson.com','ROLE_USER'),(56,'anusia.naicker@pearson.com','ROLE_USER'),(76,'ben.ndaba@pearson.com','ROLE_USER'),(19,'beverley.mcewen','ROLE_USER'),(46,'carrd@stcyprians.co.za','ROLE_USER'),(41,'cassandra.shaw@pearson.com','ROLE_USER'),(20,'crystal.november','ROLE_USER'),(59,'elizna.hanekom@pearson.com','ROLE_USER'),(51,'ester.sarlie@pearson.com','ROLE_USER'),(63,'esterolene.brink@person.com','ROLE_USER'),(64,'estrolene.brink@pearson.com','ROLE_USER'),(57,'Gaynor.higgs@pearson.com','ROLE_USER'),(21,'grant.robertson2','ROLE_USER'),(49,'happy.thokwane@pearson.com','ROLE_USER'),(7,'heather','ROLE_USER'),(42,'heather.brogan@pearson','ROLE_USER'),(39,'ighsaan.robinson@pearson.com','ROLE_USER'),(35,'jana.luther@pearson.com','ROLE_USER'),(44,'jlanser@bishops.org.za','ROLE_USER'),(52,'John.Mahlangu@pearson.com','ROLE_USER'),(47,'koketso.seloane@pearson.com','ROLE_USER'),(22,'laurian.sasman','ROLE_USER'),(12,'lawrence.johnson','ROLE_USER'),(23,'lee-roy.cloete','ROLE_USER'),(24,'liezel.lewis','ROLE_USER'),(17,'malie.grutter','ROLE_USER'),(3,'maritza','ROLE_USER'),(73,'martha.monnye@gmail.com','ROLE_USER'),(65,'mbali.mbatha@pearson.com','ROLE_USER'),(43,'millenniumigy@gmail.com','ROLE_USER'),(74,'nandipha.mbanga@pearson.com','ROLE_USER'),(45,'ngerhardi@bishops.org.za','ROLE_USER'),(1,'nguni52','ROLE_USER'),(37,'nguni52@icloud.com','ROLE_USER'),(25,'nicky.walker','ROLE_USER'),(75,'ondluhlanga.rubshe@pearson.com','ROLE_USER'),(61,'ondluhlanga.rubushe@pearson.com','ROLE_USER'),(53,'palesa.motlhabane@pearson.com','ROLE_USER'),(48,'pemlah.tlhong@pearson.com','ROLE_USER'),(6,'petrus','ROLE_USER'),(9,'pmungai','ROLE_USER'),(13,'reggie.mokotsi','ROLE_USER'),(67,'reyhaad.abrahams@pearson.com','ROLE_USER'),(10,'richard.macarthur','ROLE_USER'),(55,'richard.norman2@pearson.com','ROLE_USER'),(54,'Roseline.Mbuli@pearson.com','ROLE_USER'),(68,'rowena.abrahams@pearson.com','ROLE_USER'),(14,'security1','ROLE_USER'),(15,'security2','ROLE_USER'),(40,'seshni.naicker@pearson.com','ROLE_USER'),(4,'shahieda','ROLE_USER'),(26,'shireen.oliver','ROLE_USER'),(66,'shirley.bendile@pearson.com','ROLE_USER'),(60,'sinethemba.mhlonto@pearson.com','ROLE_USER'),(62,'siviwe.nkomo@pearson.com','ROLE_USER'),(72,'sydney.nquma@pearson.com','ROLE_USER'),(5,'sylvana','ROLE_USER'),(8,'test','ROLE_USER'),(70,'thandie.somzana@pearson.com','ROLE_USER'),(58,'thando.thomas@pearson.com','ROLE_USER'),(50,'tutu.zwane@pearson.com','ROLE_USER'),(18,'ulrich.opperman','ROLE_USER'),(27,'vanessa.lombard','ROLE_USER'),(28,'vernita.joubert','ROLE_USER'),(38,'veronica.napier@pearson.com','ROLE_USER'),(29,'viwe.pompolwana','ROLE_USER'),(71,'vuyokazi.nkamisa@pearson.com','ROLE_USER');
/*!40000 ALTER TABLE `user_roles` ENABLE KEYS */;
UNLOCK TABLES;

--
-- Table structure for table `user_skill`
--

DROP TABLE IF EXISTS `user_skill`;
/*!40101 SET @saved_cs_client     = @@character_set_client */;
/*!40101 SET character_set_client = utf8 */;
CREATE TABLE `user_skill` (
  `id` int(11) NOT NULL AUTO_INCREMENT,
  `username` varchar(35) NOT NULL,
  `number_of_questions` int(11) NOT NULL,
  `number_of_right` int(11) NOT NULL,
  `number_of_wrong` int(11) NOT NULL,
  `questions_tried` int(11) NOT NULL,
  `total_questions` int(11) NOT NULL,
  `quizname` varchar(25) NOT NULL,
  `rate` varchar(25) NOT NULL,
  `total` varchar(25) NOT NULL,
  `badge` varchar(10) DEFAULT NULL,
  `mood` varchar(10) DEFAULT NULL,
  `grade` int(11) NOT NULL,
  `date_created` datetime DEFAULT NULL,
  `date_modified` timestamp NOT NULL DEFAULT CURRENT_TIMESTAMP ON UPDATE CURRENT_TIMESTAMP,
  PRIMARY KEY (`id`)
) ENGINE=InnoDB AUTO_INCREMENT=108 DEFAULT CHARSET=utf8;
/*!40101 SET character_set_client = @saved_cs_client */;

--
-- Dumping data for table `user_skill`
--

LOCK TABLES `user_skill` WRITE;
/*!40000 ALTER TABLE `user_skill` DISABLE KEYS */;
INSERT INTO `user_skill` VALUES (1,'nguni52',10,5,5,10,10,'A08_001','5/10 = 50%','5/10 = 50%',NULL,NULL,8,'2015-09-10 12:05:53','2015-09-10 12:05:52'),(2,'nguni52',10,4,0,4,10,'A09_002','4/4 = 100%','4/10 = 40%',NULL,NULL,9,'2015-08-17 21:34:06','2015-08-17 21:34:05'),(3,'sylvana',10,1,1,2,10,'A11_001','1/2 = 50%','1/10 = 10%',NULL,NULL,11,'2015-09-23 12:30:14','2015-09-23 12:30:13'),(4,'sylvana',18,1,2,3,18,'A11_005','1/3 = 33%','1/18 = 6%',NULL,NULL,11,'2015-08-19 10:13:20','2015-08-19 10:13:19'),(5,'sylvana',11,6,5,11,11,'A11_003','6/11 = 55%','6/11 = 55%',NULL,'happy',11,'2015-08-18 11:57:06','2015-08-18 14:02:58'),(6,'sylvana',10,6,4,10,10,'A08_001','6/10 = 60%','6/10 = 60%',NULL,NULL,8,'2015-08-19 12:14:31','2015-08-19 12:14:30'),(7,'sylvana',10,1,1,2,10,'G11_004','1/2 = 50%','1/10 = 10%',NULL,'neutral',11,'2015-08-19 07:39:09','2015-08-19 08:57:04'),(8,'sylvana',8,1,5,6,8,'G11_009','1/6 = 17%','1/8 = 13%',NULL,'neutral',11,'2015-08-19 08:27:06','2015-08-19 08:28:04'),(9,'sylvana',12,0,1,1,12,'A11_002','0/1 = 0%','0/12 = 0%',NULL,NULL,11,'2015-08-19 12:34:05','2015-08-19 12:34:05'),(10,'sylvana',20,11,9,20,20,'A11_004','11/20 = 55%','11/20 = 55%',NULL,'neutral',11,'2015-08-19 08:52:09','2015-08-19 08:53:35'),(11,'sylvana',10,1,9,10,10,'G11_006','1/10 = 10%','1/10 = 10%',NULL,NULL,11,'2015-09-22 10:36:11','2015-09-22 10:36:10'),(12,'sylvana',5,5,0,5,5,'G11_010','5/5 = 100%','5/5 = 100%',NULL,NULL,11,'2015-08-19 11:47:27','2015-08-19 11:47:27'),(13,'sylvana',8,0,1,1,8,'G11_008','0/1 = 0%','0/8 = 0%',NULL,NULL,11,'2015-08-19 11:55:40','2015-08-19 11:55:39'),(14,'sylvana',10,4,6,10,10,'A08_002','4/10 = 40%','4/10 = 40%',NULL,NULL,8,'2015-08-19 12:13:21','2015-08-19 12:13:20'),(15,'sylvana',10,8,2,10,10,'A08_005','8/10 = 80%','8/10 = 80%',NULL,NULL,8,'2015-08-19 12:18:12','2015-08-19 12:18:12'),(16,'sylvana',10,0,5,5,10,'A09_003','0/5 = 0%','0/10 = 0%',NULL,NULL,9,'2015-08-21 11:49:39','2015-08-21 11:49:38'),(17,'heather',10,4,6,10,10,'A11_001','4/10 = 40%','4/10 = 40%',NULL,NULL,11,'2015-09-10 11:54:51','2015-09-10 11:54:51'),(18,'jana.luther@pearson.com',10,0,1,1,10,'A08_002','0/1 = 0%','0/10 = 0%',NULL,NULL,8,'2015-09-02 13:29:18','2015-09-02 13:29:18'),(19,'jana.luther@pearson.com',10,7,3,10,10,'A08_001','7/10 = 70%','7/10 = 70%',NULL,NULL,8,'2015-09-03 12:28:14','2015-09-03 12:28:14'),(20,'heather',8,0,1,1,8,'M11_002','0/1 = 0%','0/8 = 0%',NULL,NULL,11,'2015-09-04 09:21:14','2015-09-04 09:21:13'),(21,'heather',12,1,11,12,12,'A11_002','1/12 = 8%','1/12 = 8%',NULL,NULL,11,'2015-09-10 11:36:13','2015-09-10 11:36:13'),(22,'heather',12,1,0,1,12,'A12_001','1/1 = 100%','1/12 = 8%',NULL,NULL,12,'2015-09-08 12:51:19','2015-09-08 12:51:19'),(23,'heather',1,1,0,1,1,'M10_015','1/1 = 100%','1/1 = 100%',NULL,NULL,10,'2015-09-09 10:53:09','2015-09-09 10:53:08'),(24,'heather',6,0,6,6,6,'M10_014','0/6 = 0%','0/6 = 0%',NULL,NULL,10,'2015-10-02 11:29:00','2015-10-02 11:29:00'),(25,'heather',11,10,1,11,11,'A10_003','10/11 = 91%','10/11 = 91%',NULL,NULL,10,'2015-09-09 11:11:12','2015-09-09 11:11:12'),(26,'heather',10,9,1,10,10,'A10_004','9/10 = 90%','9/10 = 90%',NULL,NULL,10,'2015-09-09 11:22:45','2015-09-09 11:22:44'),(27,'heather',10,6,3,9,10,'G10_006','6/9 = 67%','6/10 = 60%',NULL,'neutral',10,'2015-09-09 11:34:20','2015-09-09 11:35:10'),(28,'heather',14,13,1,14,14,'A10_002','13/14 = 93%','13/14 = 93%',NULL,'sad',10,'2015-09-09 11:40:01','2015-09-09 12:41:57'),(29,'heather',10,9,1,10,10,'G10_002','9/10 = 90%','9/10 = 90%',NULL,'happy',10,'2015-09-09 11:44:03','2015-09-09 11:44:24'),(30,'heather',10,9,1,10,10,'G10_010','9/10 = 90%','9/10 = 90%',NULL,'happy',10,'2015-09-09 11:46:21','2015-09-09 11:46:34'),(31,'heather',10,5,5,10,10,'G10_003','5/10 = 50%','5/10 = 50%',NULL,'sad',10,'2015-09-10 13:36:17','2015-09-10 13:37:24'),(32,'heather',10,7,3,10,10,'G10_004','7/10 = 70%','7/10 = 70%',NULL,'sad',10,'2015-09-09 12:51:22','2015-09-09 12:51:34'),(33,'heather',10,9,1,10,10,'G10_001','9/10 = 90%','9/10 = 90%',NULL,'neutral',10,'2015-09-09 12:54:48','2015-09-09 12:54:58'),(34,'heather',10,5,4,9,10,'M10_013','5/9 = 56%','5/10 = 50%',NULL,'sad',10,'2015-09-09 12:58:44','2015-09-09 12:58:58'),(35,'ighsaan.robinson@pearson.com',10,4,5,9,10,'A10_001','4/9 = 44%','4/10 = 40%',NULL,'happy',10,'2015-09-10 08:42:55','2015-09-10 13:14:16'),(36,'cassandra.shaw@pearson.com',5,5,0,5,5,'M10_008','5/5 = 100%','5/5 = 100%',NULL,'neutral',10,'2015-09-10 10:33:33','2015-09-10 10:39:46'),(37,'cassandra.shaw@pearson.com',14,1,2,3,14,'A10_002','1/3 = 33%','1/14 = 7%',NULL,'neutral',10,'2015-09-10 09:22:05','2015-09-10 09:28:04'),(38,'cassandra.shaw@pearson.com',10,9,1,10,10,'G10_003','9/10 = 90%','9/10 = 90%',NULL,NULL,10,'2015-09-10 10:50:04','2015-09-10 10:50:04'),(39,'heather',10,3,1,4,10,'A08_001','3/4 = 75%','3/10 = 30%',NULL,NULL,8,'2015-09-10 11:40:35','2015-09-10 11:40:34'),(40,'ighsaan.robinson@pearson.com',14,5,9,14,14,'A10_002','5/14 = 36%','5/14 = 36%',NULL,NULL,10,'2015-09-10 12:03:21','2015-09-10 12:03:21'),(41,'nguni52',10,0,5,5,10,'A08_002','0/5 = 0%','0/10 = 0%',NULL,NULL,8,'2015-09-10 12:06:38','2015-09-10 12:06:37'),(42,'pmungai',10,6,4,10,10,'A08_001','6/10 = 60%','6/10 = 60%',NULL,NULL,8,'2015-09-10 12:07:13','2015-09-10 12:07:13'),(43,'pmungai',10,1,9,10,10,'A08_002','1/10 = 10%','1/10 = 10%',NULL,NULL,8,'2015-09-10 12:08:01','2015-09-10 12:08:00'),(44,'nguni52',10,10,0,10,10,'A09_001','10/10 = 100%','10/10 = 100%',NULL,NULL,9,'2015-09-10 12:08:39','2015-09-10 12:08:38'),(45,'pmungai',10,2,8,10,10,'A08_003','2/10 = 20%','2/10 = 20%',NULL,NULL,8,'2015-09-10 12:08:55','2015-09-10 12:08:55'),(46,'pmungai',10,7,3,10,10,'A08_004','7/10 = 70%','7/10 = 70%',NULL,NULL,8,'2015-09-10 12:09:42','2015-09-10 12:09:41'),(47,'ighsaan.robinson@pearson.com',11,5,6,11,11,'A10_003','5/11 = 45%','5/11 = 45%',NULL,'sad',10,'2015-09-10 12:20:25','2015-09-10 13:14:26'),(48,'sylvana',14,3,11,14,14,'A10_002','3/14 = 21%','3/14 = 21%',NULL,NULL,10,'2015-09-10 13:38:49','2015-09-10 13:38:48'),(49,'sylvana',10,1,2,3,10,'A10_001','1/3 = 33%','1/10 = 10%',NULL,NULL,10,'2015-09-10 13:39:51','2015-09-10 13:39:50'),(50,'heather',5,1,0,1,5,'M10_008','1/1 = 100%','1/5 = 20%',NULL,NULL,10,'2015-09-10 13:44:18','2015-09-10 13:44:17'),(51,'jlanser@bishops.org.za',12,1,0,1,12,'A12_001','1/1 = 100%','1/12 = 8%',NULL,NULL,12,'2015-09-12 14:40:37','2015-09-12 14:40:37'),(52,'jlanser@bishops.org.za',11,0,1,1,11,'A12_004','0/1 = 0%','0/11 = 0%',NULL,NULL,12,'2015-09-12 14:46:07','2015-09-12 14:46:06'),(53,'jlanser@bishops.org.za',18,2,2,4,18,'A12_002','2/4 = 50%','2/18 = 11%',NULL,NULL,12,'2015-10-04 20:39:42','2015-10-04 20:39:42'),(54,'jlanser@bishops.org.za',10,1,0,1,10,'G12_006','1/1 = 100%','1/10 = 10%',NULL,NULL,12,'2015-09-12 15:05:34','2015-09-12 15:05:34'),(55,'jlanser@bishops.org.za',10,5,2,7,10,'G12_005','5/7 = 71%','5/10 = 50%',NULL,NULL,12,'2015-09-12 15:03:22','2015-09-12 15:03:22'),(56,'jlanser@bishops.org.za',10,1,1,2,10,'G12_007','1/2 = 50%','1/10 = 10%',NULL,NULL,12,'2015-09-12 15:08:04','2015-09-12 15:08:03'),(57,'jlanser@bishops.org.za',20,6,6,12,20,'M12_017','6/12 = 50%','6/20 = 30%',NULL,NULL,12,'2015-09-11 20:50:46','2015-09-11 20:50:45'),(58,'jlanser@bishops.org.za',10,1,0,1,10,'G12_008','1/1 = 100%','1/10 = 10%',NULL,NULL,12,'2015-09-11 20:14:24','2015-09-11 20:14:24'),(59,'jlanser@bishops.org.za',12,2,5,7,12,'M12_002','2/7 = 29%','2/12 = 17%',NULL,NULL,12,'2015-09-12 15:20:31','2015-09-12 15:20:31'),(60,'jlanser@bishops.org.za',10,3,0,3,10,'M12_003','3/3 = 100%','3/10 = 30%',NULL,NULL,12,'2015-09-11 20:25:25','2015-09-11 20:25:25'),(61,'jlanser@bishops.org.za',10,1,0,1,10,'M12_006','1/1 = 100%','1/10 = 10%',NULL,NULL,12,'2015-09-12 15:26:52','2015-09-12 15:26:51'),(62,'jlanser@bishops.org.za',14,3,1,4,14,'M12_015','3/4 = 75%','3/14 = 21%',NULL,NULL,12,'2015-09-11 21:00:42','2015-09-11 21:00:41'),(63,'jlanser@bishops.org.za',10,1,0,1,10,'G12_002','1/1 = 100%','1/10 = 10%',NULL,NULL,12,'2015-09-11 21:22:53','2015-09-11 21:22:53'),(64,'jlanser@bishops.org.za',10,2,1,3,10,'A12_003','2/3 = 67%','2/10 = 20%',NULL,NULL,12,'2015-09-12 14:44:45','2015-09-12 14:44:44'),(65,'jlanser@bishops.org.za',12,6,5,11,12,'A12_005','6/11 = 55%','6/12 = 50%',NULL,NULL,12,'2015-09-12 14:48:25','2015-09-12 14:48:24'),(66,'jlanser@bishops.org.za',10,4,0,4,10,'G12_001','4/4 = 100%','4/10 = 40%',NULL,NULL,12,'2015-10-04 20:42:23','2015-10-04 20:42:23'),(67,'jlanser@bishops.org.za',10,6,0,6,10,'G12_009','6/6 = 100%','6/10 = 60%',NULL,NULL,12,'2015-09-12 15:14:04','2015-09-12 15:14:03'),(68,'jlanser@bishops.org.za',15,1,0,1,15,'M12_001','1/1 = 100%','1/15 = 7%',NULL,NULL,12,'2015-09-13 06:19:44','2015-09-13 06:19:44'),(69,'jlanser@bishops.org.za',9,0,2,2,9,'M12_004','0/2 = 0%','0/9 = 0%',NULL,NULL,12,'2015-09-12 15:22:31','2015-09-12 15:22:30'),(70,'jlanser@bishops.org.za',12,5,4,9,12,'M12_005','5/9 = 56%','5/12 = 42%',NULL,NULL,12,'2015-09-12 15:25:05','2015-09-12 15:25:05'),(71,'jlanser@bishops.org.za',10,1,9,10,10,'M12_007','1/10 = 10%','1/10 = 10%',NULL,NULL,12,'2015-09-12 15:31:26','2015-09-12 15:31:26'),(72,'jlanser@bishops.org.za',16,5,1,6,16,'M12_008','5/6 = 83%','5/16 = 31%',NULL,NULL,12,'2015-09-12 15:34:16','2015-09-12 15:34:16'),(73,'jlanser@bishops.org.za',14,1,2,3,14,'M12_010','1/3 = 33%','1/14 = 7%',NULL,NULL,12,'2015-09-12 15:38:45','2015-09-12 15:38:44'),(74,'jlanser@bishops.org.za',16,1,0,1,16,'M12_011','1/1 = 100%','1/16 = 6%',NULL,NULL,12,'2015-09-12 15:43:09','2015-09-12 15:43:09'),(75,'jlanser@bishops.org.za',10,0,1,1,10,'M12_013','0/1 = 0%','0/10 = 0%',NULL,NULL,12,'2015-09-12 15:45:13','2015-09-12 15:45:13'),(76,'jlanser@bishops.org.za',10,1,0,1,10,'A10_001','1/1 = 100%','1/10 = 10%',NULL,NULL,10,'2015-09-12 16:01:18','2015-09-12 16:01:18'),(77,'jlanser@bishops.org.za',10,0,1,1,10,'A10_005','0/1 = 0%','0/10 = 0%',NULL,NULL,10,'2015-09-18 10:04:26','2015-09-18 10:04:26'),(78,'jlanser@bishops.org.za',10,6,3,9,10,'M10_013','6/9 = 67%','6/10 = 60%',NULL,NULL,10,'2015-09-25 10:04:16','2015-09-25 10:04:15'),(79,'jlanser@bishops.org.za',11,1,1,2,11,'A11_003','1/2 = 50%','1/11 = 9%',NULL,NULL,11,'2015-09-12 16:14:37','2015-09-12 16:14:36'),(80,'jlanser@bishops.org.za',18,4,7,11,18,'A11_005','4/11 = 36%','4/18 = 22%',NULL,NULL,11,'2015-09-15 11:56:18','2015-09-15 11:56:18'),(81,'jlanser@bishops.org.za',8,0,1,1,8,'G11_001','0/1 = 0%','0/8 = 0%',NULL,NULL,11,'2015-09-12 16:16:18','2015-09-12 16:16:17'),(82,'jlanser@bishops.org.za',10,3,0,3,10,'G10_003','3/3 = 100%','3/10 = 30%',NULL,NULL,10,'2015-09-12 16:28:22','2015-09-12 16:28:22'),(83,'nguni52',10,5,4,9,10,'A10_001','5/9 = 56%','5/10 = 50%',NULL,NULL,10,'2015-09-13 14:00:17','2015-09-13 14:00:17'),(84,'jlanser@bishops.org.za',10,5,2,7,10,'A08_001','5/7 = 71%','5/10 = 50%',NULL,NULL,8,'2015-09-21 08:51:15','2015-09-21 08:51:14'),(85,'jlanser@bishops.org.za',15,0,1,1,15,'M08_001','0/1 = 0%','0/15 = 0%',NULL,NULL,8,'2015-09-14 12:19:06','2015-09-14 12:19:06'),(86,'jlanser@bishops.org.za',10,1,0,1,10,'A09_001','1/1 = 100%','1/10 = 10%',NULL,NULL,9,'2015-09-14 12:21:37','2015-09-14 12:21:37'),(87,'jlanser@bishops.org.za',8,5,3,8,8,'M09_001','5/8 = 63%','5/8 = 63%',NULL,NULL,9,'2015-09-25 09:57:51','2015-09-25 09:57:51'),(88,'jlanser@bishops.org.za',10,9,1,10,10,'A09_004','9/10 = 90%','9/10 = 90%',NULL,NULL,9,'2015-09-25 09:06:56','2015-09-25 09:06:56'),(89,'jlanser@bishops.org.za',10,0,2,2,10,'A09_005','0/2 = 0%','0/10 = 0%',NULL,NULL,9,'2015-10-04 20:14:07','2015-10-04 20:14:07'),(90,'jlanser@bishops.org.za',10,5,3,8,10,'M09_009','5/8 = 63%','5/10 = 50%',NULL,NULL,9,'2015-10-04 20:23:44','2015-10-04 20:23:43'),(91,'jlanser@bishops.org.za',10,1,0,1,10,'M09_002','1/1 = 100%','1/10 = 10%',NULL,NULL,9,'2015-10-04 20:14:57','2015-10-04 20:14:56'),(92,'nguni52',10,10,0,10,10,'A08_003','10/10 = 100%','10/10 = 100%',NULL,NULL,8,'2015-09-18 02:22:07','2015-09-18 02:22:07'),(93,'ngerhardi@bishops.org.za',11,0,1,1,11,'A12_004','0/1 = 0%','0/11 = 0%',NULL,NULL,12,'2015-09-18 09:44:23','2015-09-18 09:44:23'),(94,'ngerhardi@bishops.org.za',18,1,1,2,18,'A12_002','1/2 = 50%','1/18 = 6%',NULL,NULL,12,'2015-09-18 09:48:49','2015-09-18 09:48:48'),(95,'jlanser@bishops.org.za',11,0,2,2,11,'A10_003','0/2 = 0%','0/11 = 0%',NULL,NULL,10,'2015-09-18 10:00:10','2015-09-18 10:00:10'),(96,'jlanser@bishops.org.za',10,1,4,5,10,'A10_004','1/5 = 20%','1/10 = 10%',NULL,NULL,10,'2015-09-18 10:03:23','2015-09-18 10:03:22'),(97,'jlanser@bishops.org.za',10,2,3,5,10,'A08_003','2/5 = 40%','2/10 = 20%',NULL,NULL,8,'2015-09-21 08:57:00','2015-09-21 08:57:00'),(98,'heather',10,5,5,10,10,'A10_001','5/10 = 50%','5/10 = 50%',NULL,'sad',10,'2015-09-21 10:13:13','2015-09-21 10:14:36'),(99,'jlanser@bishops.org.za',10,0,2,2,10,'M09_004','0/2 = 0%','0/10 = 0%',NULL,NULL,9,'2015-09-25 09:08:06','2015-09-25 09:08:05'),(100,'jlanser@bishops.org.za',10,0,2,2,10,'M10_012','0/2 = 0%','0/10 = 0%',NULL,NULL,10,'2015-09-25 10:02:07','2015-09-25 10:02:07'),(101,'mbali.mbatha@pearson.com',10,1,0,1,10,'A11_001','1/1 = 100%','1/10 = 10%',NULL,NULL,11,'2015-10-02 10:59:15','2015-10-02 10:59:15'),(102,'jlanser@bishops.org.za',10,3,1,4,10,'A09_002','3/4 = 75%','3/10 = 30%',NULL,NULL,9,'2015-10-04 20:11:36','2015-10-04 20:11:35'),(103,'jlanser@bishops.org.za',10,1,0,1,10,'M09_007','1/1 = 100%','1/10 = 10%',NULL,NULL,9,'2015-10-04 20:15:44','2015-10-04 20:15:44'),(104,'jlanser@bishops.org.za',10,0,4,4,10,'M09_010','0/4 = 0%','0/10 = 0%',NULL,NULL,9,'2015-10-04 20:26:55','2015-10-04 20:26:54'),(105,'jlanser@bishops.org.za',20,4,0,4,20,'A11_004','4/4 = 100%','4/20 = 20%',NULL,NULL,11,'2015-10-04 20:32:50','2015-10-04 20:32:49'),(106,'jlanser@bishops.org.za',10,0,1,1,10,'G11_006','0/1 = 0%','0/10 = 0%',NULL,NULL,11,'2015-10-04 20:33:48','2015-10-04 20:33:48'),(107,'jlanser@bishops.org.za',13,1,2,3,13,'M12_009','1/3 = 33%','1/13 = 8%',NULL,NULL,12,'2015-10-04 20:37:17','2015-10-04 20:37:17');
/*!40000 ALTER TABLE `user_skill` ENABLE KEYS */;
UNLOCK TABLES;

--
-- Table structure for table `useractivation`
--

DROP TABLE IF EXISTS `useractivation`;
/*!40101 SET @saved_cs_client     = @@character_set_client */;
/*!40101 SET character_set_client = utf8 */;
CREATE TABLE `useractivation` (
  `id` int(11) NOT NULL AUTO_INCREMENT,
  `username` varchar(45) NOT NULL,
  `activationcode` varchar(99) NOT NULL,
  PRIMARY KEY (`id`)
) ENGINE=InnoDB AUTO_INCREMENT=2 DEFAULT CHARSET=utf8;
/*!40101 SET character_set_client = @saved_cs_client */;

--
-- Dumping data for table `useractivation`
--

LOCK TABLES `useractivation` WRITE;
/*!40000 ALTER TABLE `useractivation` DISABLE KEYS */;
INSERT INTO `useractivation` VALUES (1,'nguni52','asdfgasdfsafafsdafaf');
/*!40000 ALTER TABLE `useractivation` ENABLE KEYS */;
UNLOCK TABLES;

--
-- Table structure for table `users`
--

DROP TABLE IF EXISTS `users`;
/*!40101 SET @saved_cs_client     = @@character_set_client */;
/*!40101 SET character_set_client = utf8 */;
CREATE TABLE `users` (
  `username` varchar(45) NOT NULL,
  `password` varchar(60) NOT NULL,
  `title` varchar(10) DEFAULT NULL,
  `firstname` varchar(120) NOT NULL,
  `middlename` varchar(120) DEFAULT NULL,
  `lastname` varchar(120) NOT NULL,
  `emailaddress` varchar(120) NOT NULL,
  `cellphone` varchar(60) DEFAULT NULL,
  `currentgrade` int(11) NOT NULL,
  `date_created` timestamp NOT NULL DEFAULT CURRENT_TIMESTAMP,
  `enabled` tinyint(4) NOT NULL DEFAULT '0',
  `deleted` varchar(10) DEFAULT '0',
  `verification_id` int(11) NOT NULL,
  `school` varchar(120) DEFAULT NULL,
  PRIMARY KEY (`username`)
) ENGINE=InnoDB DEFAULT CHARSET=utf8;
/*!40101 SET character_set_client = @saved_cs_client */;

--
-- Dumping data for table `users`
--

LOCK TABLES `users` WRITE;
/*!40000 ALTER TABLE `users` DISABLE KEYS */;
INSERT INTO `users` VALUES ('absolom.mugwagwa','$2a$10$04TVADrR6/SPLBjsK0N30.Jf5fNjBugSACeGv1S69dZALR7lSov0y','Mr.','Absolom',NULL,'Mugwagwa','absolom.mugwagwa@pearson.com','0299999',10,'2015-07-28 10:50:28',1,'0',11,''),('adele.farmer','$2a$10$04TVADrR6/SPLBjsK0N30.Jf5fNjBugSACeGv1S69dZALR7lSov0y','Mrs.','Adele',NULL,'Farmer','adele.farmer@pearson.com','0299999',11,'2015-07-28 10:50:28',1,'0',30,''),('admin','$2a$10$04TVADrR6/SPLBjsK0N30.Jf5fNjBugSACeGv1S69dZALR7lSov0y','Mr.','Admin',NULL,'User','digitialatlasadmin@pearson.com','0299999',10,'2015-07-28 10:50:28',1,'0',2,''),('anthea.branders@pearson.com','$2a$12$N8ga9Yjclz8WKno4Z9LmEuAmda9PUfKTTBAcY5xt/GObptMlWHLM6',NULL,'Anthea',NULL,'Branders','anthea.branders@pearson.com',NULL,10,'2015-10-05 12:15:54',1,'0',68,'Pearson'),('anusia.naicker@pearson.com','$2a$12$fISs.Z5mSa.wmcLQr/JpXu4CStyh4031Wbp/7Cpgv7ZkP7HpZEMCu',NULL,'Anusia',NULL,'Naicker','anusia.naicker@pearson.com',NULL,10,'2015-10-01 10:06:51',1,'0',55,''),('ben.ndaba@pearson.com','$2a$12$yNOKx/KTEt8GgXl/HT93ketN.gzBJy1gm1eWgpsmK2F6wJ1VGxkAW',NULL,'ben',NULL,'Ndaba','ben.ndaba@pearson.com',NULL,10,'2015-10-06 07:25:18',1,'0',75,'Pearson'),('beverley.mcewen','$2a$10$04TVADrR6/SPLBjsK0N30.Jf5fNjBugSACeGv1S69dZALR7lSov0y','Mr.','Beverley',NULL,'Mcewen','beverley.mcewen@pearson.com   ','0299999',11,'2015-07-28 10:50:28',1,'0',19,''),('carrd@stcyprians.co.za','$2a$12$aRbuZuZ1Gte/ES0TNKs9KO9Z8jrO9Okz2mZ5bvPrdmYkmFTxretoS',NULL,'dave',NULL,'Carr','carrd@stcyprians.co.za',NULL,8,'2015-09-22 08:22:05',1,'0',45,'St Cyprians School'),('cassandra.shaw@pearson.com','$2a$10$BcbGUgb8/DbxxNaoB4.EJeR/2rOsCR5A8LK3XW9Sn5uOQIlAYgM1u',NULL,'Cassandra','','Shaw','cassandra.shaw@pearson.com',NULL,10,'2015-09-09 09:54:46',1,'0',40,'Pearson High'),('crystal.november','$2a$10$04TVADrR6/SPLBjsK0N30.Jf5fNjBugSACeGv1S69dZALR7lSov0y','Mr.','Crystal',NULL,'November','crystal.november@pearson.com','0299999',11,'2015-07-28 10:50:28',1,'0',20,''),('elizna.hanekom@pearson.com','$2a$12$zYY/BZjYYMYK4b1LIfrrY.TDxP7IciCoLC6tXTJ3zliUNDbNqd/IC',NULL,'Elizna',NULL,'Hanekom','elizna.hanekom@pearson.com',NULL,11,'2015-10-01 13:13:19',1,'0',58,'Elizna Academy '),('ester.sarlie@pearson.com','$2a$12$CIkFQB1wJvf8S5xMli8gPO5usyzWwZoQoFD1sMehgJmagaQ.KlH.G',NULL,'Ester',NULL,'Sarlie','ester.sarlie@pearson.com',NULL,10,'2015-09-29 12:19:55',1,'0',50,''),('esterolene.brink@person.com','$2a$12$LM.PcUfo0AEGg46pGVL.lO4b0wo6.dwn5ajtD7S35tYYgi1N1PYrC',NULL,'Estrolene',NULL,'Brink','esterolene.brink@person.com',NULL,11,'2015-10-02 08:52:39',1,'0',62,'Pearson'),('estrolene.brink@pearson.com','$2a$12$1I0ImHvZbd4ikVBaONjaVuMDNgVSXHswldDwb/JCfLEnWEUuaXV56',NULL,'Estrolene',NULL,'Brink','estrolene.brink@pearson.com',NULL,11,'2015-10-02 09:05:59',1,'0',63,'Pearson'),('Gaynor.higgs@pearson.com','$2a$12$0tt3256EJy6dBwgjLVZbLOwm4IS.5OuNoaoRslFK.Ycp09gV9Ta5.',NULL,'Gaynor',NULL,'Higgs','Gaynor.higgs@pearson.com',NULL,10,'2015-10-01 11:19:37',1,'0',56,''),('grant.robertson2','$2a$10$04TVADrR6/SPLBjsK0N30.Jf5fNjBugSACeGv1S69dZALR7lSov0y','Mr.','Grant',NULL,'Robertson','grant.robertson2@pearson.com','0299999',11,'2015-07-28 10:50:28',1,'0',21,''),('happy.thokwane@pearson.com','$2a$12$LSftKJF9ms5t9Wzfrq5FgOM4TrJxddZDzsABEkvHNne.NXxXKoOee',NULL,'Happy ','','Thokwane','happy.thokwane@pearson.com',NULL,10,'2015-09-29 12:14:30',1,'0',48,''),('heather','$2a$10$QJWrAx.MP6ZwgyKdkBGUUeH1i2Rix4pq3dHGaRqiStgqha9MWgBI6','Mrs.','Heather ','','Brogan','heather.brogan@pearson.com','0299999',11,'2015-07-28 10:50:28',1,'0',7,''),('heather.brogan@pearson','$2a$12$f4Oq76oehhElK23TZR72j.JWs0PGdKZlZ8OFWSY7KYgB0PdYiB1vC',NULL,'Heather',NULL,'Brogan','heather.brogan@pearson',NULL,10,'2015-09-10 11:32:13',1,'0',41,'Parel Vallei'),('ighsaan.robinson@pearson.com','$2a$12$yV/jtQ3kaGEz/I8VqH/KT.hEg6z/3vdM3yY0MZ/pu4GM/xnvafiwm',NULL,'Ighsaan',NULL,'Robinson','ighsaan.robinson@pearson.com',NULL,11,'2015-09-08 08:50:28',1,'0',38,'Hard Knocks'),('jana.luther@pearson.com','$2a$12$1Y4d/z8ymKbJW9VApx96zuj6lgGK.MjKocLK6ij3u3ph3tx8t/olO',NULL,'Jana',NULL,'Luther','jana.luther@pearson.com',NULL,8,'2015-09-02 13:19:51',1,'0',34,'My School'),('jlanser@bishops.org.za','$2a$12$akt2O9Uyp0ZQgTtAngSC5OkH/QBg4ZTPt7vdG2/HsGbJL2zd8fr5W',NULL,'John',NULL,'Lanser','jlanser@bishops.org.za',NULL,12,'2015-09-11 14:52:27',1,'0',43,'Bishops'),('John.Mahlangu@pearson.com','$2a$12$RmG5s1i/w8xUOlUX1Iv2wuIa4MV4wfLoB74EZUbQe9tsQaJQMpFgK',NULL,'John',NULL,'Mahlangu','John.Mahlangu@pearson.com',NULL,10,'2015-09-29 12:24:02',1,'0',51,'Pearson'),('koketso.seloane@pearson.com','$2a$12$YRQEJKt8qTg0f96eHl1w3.aHBDN1LyDRi52DDUx6nE5J6oI/b0pBq',NULL,'Koketso',NULL,'Seloane','koketso.seloane@pearson.com',NULL,12,'2015-09-27 19:27:09',1,'0',46,'Pearson High School'),('laurian.sasman','$2a$10$04TVADrR6/SPLBjsK0N30.Jf5fNjBugSACeGv1S69dZALR7lSov0y','Mr.','Laurian',NULL,'Sasman','laurian.sasman@pearson.com','0299999',11,'2015-07-28 10:50:28',1,'0',22,''),('lawrence.johnson','$2a$10$04TVADrR6/SPLBjsK0N30.Jf5fNjBugSACeGv1S69dZALR7lSov0y','Mr.','Lawrence',NULL,'Johnson','lawrence.johnson@pearson.com','0299999',11,'2015-07-28 10:50:28',1,'0',12,''),('lee-roy.cloete','$2a$10$04TVADrR6/SPLBjsK0N30.Jf5fNjBugSACeGv1S69dZALR7lSov0y','Mr.','Lee-roy',NULL,'Cloete','lee-roy.cloete@pearson.com','0299999',11,'2015-07-28 10:50:28',1,'0',23,''),('liezel.lewis','$2a$10$04TVADrR6/SPLBjsK0N30.Jf5fNjBugSACeGv1S69dZALR7lSov0y','Mr.','Liezel',NULL,'Lewis','liezel.lewis@pearson.com','0299999',11,'2015-07-28 10:50:28',1,'0',24,''),('malie.grutter','$2a$10$04TVADrR6/SPLBjsK0N30.Jf5fNjBugSACeGv1S69dZALR7lSov0y','Mr.','Malie',NULL,'grutter','malie.grutter@pearson.com','0299999',11,'2015-07-28 10:50:28',1,'0',17,''),('maritza','$2a$10$04TVADrR6/SPLBjsK0N30.Jf5fNjBugSACeGv1S69dZALR7lSov0y','Mrs.','Maritza',NULL,'Vandenheuvel','maritza.vandenheuvel@pearson.com','0299999',8,'2015-07-28 10:50:28',1,'0',3,''),('martha.monnye@gmail.com','$2a$12$.oxyeYvurSc8s4jyT2Lp5eZoD3qJ5uy1VZuiBqVrBEKG.y4s2AMSy',NULL,'Martha',NULL,'Monnye','martha.monnye@gmail.com',NULL,10,'2015-10-05 14:32:10',1,'0',72,'Seolo'),('mbali.mbatha@pearson.com','$2a$12$/PDJvZQxQQU8XyHgq4ec.ua6DMi0ObFuWoG8bsRu3AOU1dMnJzjXu',NULL,'Mbali',NULL,'Mbatha','mbali.mbatha@pearson.com',NULL,10,'2015-10-02 10:55:20',1,'0',64,'Pearson Independent High School'),('millenniumigy@gmail.com','$2a$12$Hhx22C07CF6PcHLHD0hr9eeLd390.6Y9K0Ne5OwpR/Le/S9N1mOhm',NULL,'Ighsaan',NULL,'Robinson','millenniumigy@gmail.com',NULL,11,'2015-09-11 14:43:19',1,'0',42,'Test'),('nandipha.mbanga@pearson.com','$2a$12$IbDhWTHLAvJPZDGXHbStDOrG.rre7tzzFtejSPOLPyWciF.cEfu8y',NULL,'Nandipha','','Mbanga','nandipha.mbanga@pearson.com',NULL,12,'2015-10-05 15:44:30',1,'0',73,'Pearson'),('ngerhardi@bishops.org.za','$2a$12$HvkLjCerL6hOUQdziny1d.xw2exrUGWmyKMNhc4zvqqWcsWjA5DU2',NULL,'Phil','','Court','pcourt@bishops.org.za',NULL,12,'2015-09-14 10:01:54',1,'0',44,'Bishops'),('nguni52','$2a$10$Od/mhL8HUNWY77LwellGT.29RMguHmRzLXe2UD9i/QEFiehOkpWdC','Mr.','Nguni',NULL,'Phakela','nguni52@gmail.com','0299999',8,'2015-07-28 10:50:28',1,'0',1,''),('nguni52@icloud.com','$2a$10$tq..VL4tTNBU75W/eEU8KObRahtS7Q9nK/.R/9vW6cRgJpaFVBDSG',NULL,'Nguni',NULL,'Phakela','nguni52@icloud.com',NULL,10,'2015-09-06 21:05:13',1,'0',36,'LHS'),('nicky.walker','$2a$10$04TVADrR6/SPLBjsK0N30.Jf5fNjBugSACeGv1S69dZALR7lSov0y','Mr.','Nicky',NULL,'Walker','nicky.walker@pearson.com','0299999',12,'2015-07-28 10:50:28',1,'0',25,''),('ondluhlanga.rubshe@pearson.com','$2a$12$q1dyIdbEVdn8D3JEQVsg0.hoGLaXwDEijMruEHEIUQLTuR6mvP9qy',NULL,'Ondla',NULL,'Rubushe','ondluhlanga.rubshe@pearson.com',NULL,12,'2015-10-05 20:48:45',1,'0',74,''),('ondluhlanga.rubushe@pearson.com','$2a$12$TnQYa8R8u5trNqGmT8bFzOGRvWAaejtfE4.7AFVXm3ZDowHG8ml/W',NULL,'Ondla',NULL,'Rubushe','ondluhlanga.rubushe@pearson.com',NULL,10,'2015-10-01 14:30:25',1,'0',60,'Pearson'),('palesa.motlhabane@pearson.com','$2a$12$hDmTEWKJ1HznRxR3dsWHqOTI725Kc52rkQSdyby7uqVL5PYrJrFOq',NULL,'Palesa',NULL,'Motlhabane','palesa.motlhabane@pearson.com',NULL,10,'2015-09-29 12:25:02',1,'0',52,''),('pemlah.tlhong@pearson.com','$2a$12$QXa/AFToYFlYI9oflZqpG..OFk64zZRy1ZKKFrU.T5HLwOoMr3fF.',NULL,'Pemlah',NULL,'Tlhong','pemlah.tlhong@pearson.com',NULL,10,'2015-09-29 12:13:51',1,'0',47,''),('petrus','$2a$10$04TVADrR6/SPLBjsK0N30.Jf5fNjBugSACeGv1S69dZALR7lSov0y','Mr.','Petrus ',NULL,'Van de merwe','petrus.vandermerwe@pearson.com','0299999',11,'2015-07-28 10:50:28',1,'0',6,''),('pmungai','$2a$10$04TVADrR6/SPLBjsK0N30.Jf5fNjBugSACeGv1S69dZALR7lSov0y','Mr.','Paul ',NULL,'Mungai','paul.mungai@pearson.com','0299999',10,'2015-07-28 10:50:28',1,'0',9,''),('reggie.mokotsi','$2a$10$04TVADrR6/SPLBjsK0N30.Jf5fNjBugSACeGv1S69dZALR7lSov0y','Mr.','Reggie',NULL,'Mokotsi','reggie.mokotsi@pearson.com','0299999',8,'2015-07-28 10:50:28',1,'0',13,''),('reyhaad.abrahams@pearson.com','$2a$10$HA4CXQzZymAgN47TSlkg0.KfOq/fwrL5OuldRN6tFPmKMY9oRAJam',NULL,'Reyhaad',NULL,'Abrahams','reyhaad.abrahams@pearson.com',NULL,10,'2015-10-05 07:13:20',1,'0',66,''),('richard.macarthur','$2a$10$04TVADrR6/SPLBjsK0N30.Jf5fNjBugSACeGv1S69dZALR7lSov0y','Mr.','Richard',NULL,'Mcarthur','richard.macarthur@pearson.com','0299999',10,'2015-07-28 10:50:28',1,'0',10,''),('richard.norman2@pearson.com','$2a$12$3gUYZ394n0f4gjCNhg1P1.nFIZmMPKO2IW3eScXPmbSpTgsPRmO/i',NULL,'richard',NULL,'norman','richard.norman2@pearson.com',NULL,10,'2015-09-30 11:05:49',1,'0',54,'pearson'),('Roseline.Mbuli@pearson.com','$2a$12$o6oYvGBBNuevGkotbaS7m.dYKgarFIZpzqY5gavdNQfHBrO.tUsT6',NULL,'Nomsa',NULL,'Mbuli','Roseline.Mbuli@pearson.com',NULL,10,'2015-09-29 12:25:42',1,'0',53,''),('rowena.abrahams@pearson.com','$2a$12$uPOnMvAAydudQ8bSETuUB.unH2JXyJAHDNxTt9ccI4lm2nm1tUoYG',NULL,'Rowena',NULL,'Abrahams','rowena.abrahams@pearson.com',NULL,10,'2015-10-05 08:38:45',1,'0',67,''),('security1','$2a$10$04TVADrR6/SPLBjsK0N30.Jf5fNjBugSACeGv1S69dZALR7lSov0y','Mr.','Security',NULL,'One','security1@pearson.com','0299999',11,'2015-07-28 10:50:28',1,'0',14,''),('security2','$2a$10$04TVADrR6/SPLBjsK0N30.Jf5fNjBugSACeGv1S69dZALR7lSov0y','Mr.','Security',NULL,'Two','shireen.oliver@pearson.com','0299999',10,'2015-07-28 10:50:28',1,'0',15,''),('seshni.naicker@pearson.com','$2a$12$MX0AP3hWAgGK.c0GooKbQ.8L/nU0rtfGGpOvDEksaIfv2wn3GaWwe',NULL,'Shivaan',NULL,'Naicker','seshni.naicker@pearson.com',NULL,9,'2015-09-09 08:16:16',1,'0',39,'Milnerton Primary'),('shahieda','$2a$10$04TVADrR6/SPLBjsK0N30.Jf5fNjBugSACeGv1S69dZALR7lSov0y','Mr.','Shahieda',NULL,'Samson','shahieda.samson@pearson.com','0299999',8,'2015-07-28 10:50:28',1,'0',4,''),('shireen.oliver','$2a$10$04TVADrR6/SPLBjsK0N30.Jf5fNjBugSACeGv1S69dZALR7lSov0y','Mr.','Shireen',NULL,'Oliver','shireen.oliver@pearson.com','0299999',11,'2015-07-28 10:50:28',1,'0',26,''),('shirley.bendile@pearson.com','$2a$12$.EYzA5.ln5MK7dcRdhSO3ObJjHiC7i1YbbQ5HPv3RUgzsG2b1sxrS',NULL,'Shirley ',NULL,'Bendile','shirley.bendile@pearson.com',NULL,12,'2015-10-02 12:34:08',1,'0',65,'Pearson'),('sinethemba.mhlonto@pearson.com','$2a$12$TQJxvorcZSvol15/3yXSPOyOrOGVHOwerWIKJaMBG5z6ODpUGGmGi',NULL,'Sinethemba',NULL,'Mhlontlo','sinethemba.mhlonto@pearson.com',NULL,12,'2015-10-01 14:15:27',1,'0',59,'Pearson Education '),('siviwe.nkomo@pearson.com','$2a$12$vnQaBYTBBzAaxpWaBcftBOSSKPJUn9WVgTOwVj6vLWCCHGnussOda',NULL,'siviwe',NULL,'nkomo','siviwe.nkomo@pearson.com',NULL,12,'2015-10-02 07:53:03',1,'0',61,'nkalweni'),('stuart.franke','$2a$10$04TVADrR6/SPLBjsK0N30.Jf5fNjBugSACeGv1S69dZALR7lSov0y','Mrs.','Stuart',NULL,'Franke','stuart.franke@vaimo.com','0299999',11,'2015-07-28 10:50:28',1,'0',31,''),('sydney.nquma@pearson.com','$2a$12$2Snv.tvuHcxj8G5leI/wBumhZxbnfykCpRmP7wJ.ZTSlWjYWeugLS',NULL,'Lungisile','Sydney','Nquma','sydney.nquma@pearson.com',NULL,10,'2015-10-05 12:24:15',1,'0',71,'Pearson'),('sylvana','$2a$10$03DBnom2GpmFS9h1Qs2BkufGxy3pPrxD40RGO1Io1RmFfwVtS71Ou','Ms.','Sylvana','michelle','Barthus','sylvana.barthus@pearson.com','0299999',11,'2015-07-28 10:50:28',1,'0',5,''),('test','$2a$10$04TVADrR6/SPLBjsK0N30.Jf5fNjBugSACeGv1S69dZALR7lSov0y','Mrs.','test ',NULL,'Test','test@pearson.com','0299999',10,'2015-07-28 10:50:28',1,'0',8,''),('thandie.somzana@pearson.com','$2a$12$FWPo00TSjAPENDX1MOfRj.OCw6yxXdprcT/FTCtYLWGoyuX.dv0fS',NULL,'Thandie',NULL,'Somzana','thandie.somzana@pearson.com',NULL,10,'2015-10-05 12:21:26',1,'0',69,'Pearson'),('thando.thomas@pearson.com','$2a$12$xyYQb4ljUxHa0E3Hzviwk.zFm5BiVIvd.P3CQhvT6KDVMIhGC0Uje',NULL,'Thando',NULL,'Thomas','thando.thomas@pearson.com',NULL,10,'2015-10-01 12:50:48',1,'0',57,'Pearson'),('tutu.zwane@pearson.com','$2a$12$/wloRfZwx75XD3zzXoSycuVc8.2NweJCQ6A8QFRSDns7WwAWFnRQq',NULL,'Tutu',NULL,'zwane','tutu.zwane@pearson.com',NULL,10,'2015-09-29 12:16:50',1,'0',49,''),('ulrich.opperman','$2a$10$04TVADrR6/SPLBjsK0N30.Jf5fNjBugSACeGv1S69dZALR7lSov0y','Mr.','ulrich',NULL,'opperman','ulrich.opperman@pearson.com','0299999',11,'2015-07-28 10:50:28',1,'0',18,''),('vanessa.lombard','$2a$10$04TVADrR6/SPLBjsK0N30.Jf5fNjBugSACeGv1S69dZALR7lSov0y','Mr.','Vanessa',NULL,'Lombard','vanessa.lombard@pearson.com','0299999',11,'2015-07-28 10:50:28',1,'0',27,''),('vernita.joubert','$2a$10$04TVADrR6/SPLBjsK0N30.Jf5fNjBugSACeGv1S69dZALR7lSov0y','Mr.','Vernita',NULL,'Joubert','vernita.joubert@pearson.com','0299999',11,'2015-07-28 10:50:28',1,'0',28,''),('veronica.napier@pearson.com','$2a$12$aewaEQDiSa48fc5qjhS2J.QznZq1yHaeW3uOoNC9h/xpWr6bgQwjC',NULL,'veronica',NULL,'napier','veronica.napier@pearson.com',NULL,10,'2015-09-07 12:26:09',1,'0',37,'cedar House'),('viwe.pompolwana','$2a$10$04TVADrR6/SPLBjsK0N30.Jf5fNjBugSACeGv1S69dZALR7lSov0y','Mr.','Viwe',NULL,'Pompolwana','viwe.pompolwana@pearson.com','0299999',11,'2015-07-28 10:50:28',1,'0',29,''),('vuyokazi.nkamisa@pearson.com','$2a$12$AlVeNdrw4GqYrjoR0QZtiOzwUUS6E70xEDUlv0bQ8tzhld25Vzez6',NULL,'Vuyokazi',NULL,'Nkamisa','vuyokazi.nkamisa@pearson.com',NULL,12,'2015-10-05 12:22:34',1,'0',70,'Pearson');
/*!40000 ALTER TABLE `users` ENABLE KEYS */;
UNLOCK TABLES;

--
-- Table structure for table `verification`
--

DROP TABLE IF EXISTS `verification`;
/*!40101 SET @saved_cs_client     = @@character_set_client */;
/*!40101 SET character_set_client = utf8 */;
CREATE TABLE `verification` (
  `id` int(11) NOT NULL AUTO_INCREMENT,
  `verification_code` varchar(50) NOT NULL,
  `date_created` datetime NOT NULL,
  `date_modified` timestamp NOT NULL DEFAULT CURRENT_TIMESTAMP ON UPDATE CURRENT_TIMESTAMP,
  `is_user_verified` tinyint(1) NOT NULL DEFAULT '0',
  PRIMARY KEY (`id`)
) ENGINE=InnoDB AUTO_INCREMENT=76 DEFAULT CHARSET=utf8;
/*!40101 SET character_set_client = @saved_cs_client */;

--
-- Dumping data for table `verification`
--

LOCK TABLES `verification` WRITE;
/*!40000 ALTER TABLE `verification` DISABLE KEYS */;
INSERT INTO `verification` VALUES (1,'TFLAwhrkvLoLoIOGxCWXuc7eS','2015-03-01 12:52:00','2015-03-01 12:52:00',0),(2,'TFLAwhrkvLoLoIOGxCWXuc7eS','2015-03-01 12:52:00','2015-03-01 12:52:00',0),(3,'TFLAwhrkvLoLoIOGxCWXuc7eS','2015-03-01 12:52:00','2015-03-01 12:52:00',0),(4,'TFLAwhrkvLoLoIOGxCWXuc7eS','2015-03-01 12:52:00','2015-03-01 12:52:00',0),(5,'TFLAwhrkvLoLoIOGxCWXuc7eS','2015-03-01 12:52:00','2015-03-01 12:52:00',0),(6,'TFLAwhrkvLoLoIOGxCWXuc7eS','2015-03-01 12:52:00','2015-03-01 12:52:00',0),(7,'TFLAwhrkvLoLoIOGxCWXuc7eS','2015-03-01 12:52:00','2015-03-01 12:52:00',0),(8,'TFLAwhrkvLoLoIOGxCWXuc7eS','2015-03-01 12:52:00','2015-03-01 12:52:00',0),(9,'TFLAwhrkvLoLoIOGxCWXuc7eS','2015-03-01 12:52:00','2015-03-01 12:52:00',0),(10,'TFLAwhrkvLoLoIOGxCWXuc7eS','2015-03-01 12:52:00','2015-03-01 12:52:00',0),(11,'TFLAwhrkvLoLoIOGxCWXuc7eS','2015-03-01 12:52:00','2015-03-01 12:52:00',0),(12,'TFLAwhrkvLoLoIOGxCWXuc7eS','2015-03-01 12:52:00','2015-03-01 12:52:00',0),(13,'TFLAwhrkvLoLoIOGxCWXuc7eS','2015-03-01 12:52:00','2015-03-01 12:52:00',0),(14,'TFLAwhrkvLoLoIOGxCWXuc7eS','2015-03-01 12:52:00','2015-03-01 12:52:00',0),(15,'TFLAwhrkvLoLoIOGxCWXuc7eS','2015-03-01 12:52:00','2015-03-01 12:52:00',0),(16,'TFLAwhrkvLoLoIOGxCWXuc7eS','2015-03-01 12:52:00','2015-03-01 12:52:00',0),(17,'TFLAwhrkvLoLoIOGxCWXuc7eS','2015-03-01 12:52:00','2015-03-01 12:52:00',0),(18,'TFLAwhrkvLoLoIOGxCWXuc7eS','2015-03-01 12:52:00','2015-03-01 12:52:00',0),(19,'TFLAwhrkvLoLoIOGxCWXuc7eS','2015-03-01 12:52:00','2015-03-01 12:52:00',0),(20,'TFLAwhrkvLoLoIOGxCWXuc7eS','2015-03-01 12:52:00','2015-03-01 12:52:00',0),(21,'TFLAwhrkvLoLoIOGxCWXuc7eS','2015-03-01 12:52:00','2015-03-01 12:52:00',0),(22,'TFLAwhrkvLoLoIOGxCWXuc7eS','2015-03-01 12:52:00','2015-03-01 12:52:00',0),(23,'TFLAwhrkvLoLoIOGxCWXuc7eS','2015-03-01 12:52:00','2015-03-01 12:52:00',0),(24,'TFLAwhrkvLoLoIOGxCWXuc7eS','2015-03-01 12:52:00','2015-03-01 12:52:00',0),(25,'TFLAwhrkvLoLoIOGxCWXuc7eS','2015-03-01 12:52:00','2015-03-01 12:52:00',0),(26,'TFLAwhrkvLoLoIOGxCWXuc7eS','2015-03-01 12:52:00','2015-03-01 12:52:00',0),(27,'TFLAwhrkvLoLoIOGxCWXuc7eS','2015-03-01 12:52:00','2015-03-01 12:52:00',0),(28,'TFLAwhrkvLoLoIOGxCWXuc7eS','2015-03-01 12:52:00','2015-03-01 12:52:00',0),(29,'TFLAwhrkvLoLoIOGxCWXuc7eS','2015-03-01 12:52:00','2015-03-01 12:52:00',0),(30,'TFLAwhrkvLoLoIOGxCWXuc7eS','2015-03-01 12:52:00','2015-03-01 12:52:00',0),(31,'TFLAwhrkvLoLoIOGxCWXuc7eS','2015-03-01 12:52:00','2015-03-01 12:52:00',0),(32,'TFLAwhrkvLoLoIOGxCWXuc7eS','2015-03-01 12:52:00','2015-03-01 12:52:00',0),(33,'5dd4af6c-a7e9-4d6a-8ee4-6979d1658aad','2015-08-24 03:57:03','2015-08-24 03:57:03',1),(34,'f8c20898-d7db-4144-939b-d8b827beb393','2015-09-02 13:19:51','2015-09-02 13:19:51',1),(35,'54c50f53-bc0e-4712-9e72-de25d6892413','2015-09-06 18:11:02','2015-09-06 18:11:02',1),(36,'44f4c556-0cf9-4431-9c63-7192528b5ea5','2015-09-06 21:05:13','2015-09-06 21:05:13',1),(37,'7557121b-a57e-4175-a0ca-093403277b01','2015-09-07 12:26:09','2015-09-07 12:26:09',1),(38,'17eb959b-17b5-4a2a-89fc-fd5e014df223','2015-09-08 08:50:28','2015-09-08 08:50:28',1),(39,'c18e8588-e929-4d64-9afb-8951234a9553','2015-09-09 08:16:17','2015-09-09 08:16:16',1),(40,'3636f4d8-7972-47e2-8c3d-ee828a2f374a','2015-09-09 09:54:47','2015-09-09 09:54:46',1),(41,'ad9f9bb9-98d2-4a3e-b89f-ef45e5def3f2','2015-09-10 11:32:13','2015-09-10 11:32:13',1),(42,'b45fabfd-b0de-4978-967d-8f33b068b8a2','2015-09-11 14:43:20','2015-09-11 14:43:19',1),(43,'1e4cfadf-eac9-4853-b152-e8950c9e0aae','2015-09-11 14:52:27','2015-09-11 14:52:27',1),(44,'17019475-93ec-4aca-b972-20f85e295d73','2015-09-14 10:01:54','2015-09-14 10:01:54',1),(45,'d24d0379-af2f-4b9a-9366-e849e3cc5b28','2015-09-22 08:22:05','2015-09-22 08:22:05',1),(46,'2fd4e767-23c6-4531-9af8-54f2be19af42','2015-09-27 19:27:09','2015-09-27 19:27:09',1),(47,'25616521-5d71-42c6-b640-ee2a37783b62','2015-09-29 12:13:51','2015-09-29 12:13:51',1),(48,'9706a9ad-de93-47b2-9dc7-b7e1c4a0ac25','2015-09-29 12:14:30','2015-09-29 12:14:30',1),(49,'6ef72a90-8ab1-4ab7-8f28-45200fd9efc4','2015-09-29 12:16:50','2015-09-29 12:16:50',1),(50,'ff36e6a1-bd68-47d7-ad49-59ff8a2a67d4','2015-09-29 12:19:55','2015-09-29 12:19:55',1),(51,'1e02c6f8-78ab-48dc-9c2a-c9ecceaa7f20','2015-09-29 12:24:02','2015-09-29 12:24:02',1),(52,'33362632-bdbf-42aa-83ad-eb4414819e34','2015-09-29 12:25:02','2015-09-29 12:25:02',1),(53,'80d13041-d834-420b-85d6-bb711e4cc829','2015-09-29 12:25:42','2015-09-29 12:25:42',1),(54,'a8df79c0-8834-4c57-b714-eb6dab222a8e','2015-09-30 11:05:49','2015-09-30 11:05:49',1),(55,'5b0e4e4f-4204-4fa5-b00b-8644e991eba2','2015-10-01 10:06:51','2015-10-01 10:06:51',1),(56,'a8f6c2c3-532f-4cfa-916c-1ee3fe4779c1','2015-10-01 11:19:37','2015-10-01 11:19:37',1),(57,'5c00f139-4bd0-48b7-ba16-6f0cf6cb2fa4','2015-10-01 12:50:48','2015-10-01 12:50:48',1),(58,'df0ba5a1-95b4-4e0e-ac87-920502ba6fad','2015-10-01 13:13:19','2015-10-01 13:13:19',1),(59,'5c00f139-4bd0-48b7-ba16-6f0cf6cb2fa4','2015-10-01 14:15:27','2015-10-01 14:15:27',1),(60,'1efbb89d-fcff-4311-8953-f1c6968caada','2015-10-01 14:30:25','2015-10-01 14:30:25',1),(61,'5c00f139-4bd0-48b7-ba16-6f0cf6cb2fa4','2015-10-02 07:53:04','2015-10-02 07:53:03',1),(62,'a8df79c0-8834-4c57-b714-eb6dab222a8e','2015-10-02 08:52:39','2015-10-02 08:52:39',1),(63,'a8df79c0-8834-4c57-b714-eb6dab222a8e','2015-10-02 09:05:59','2015-10-02 09:05:59',1),(64,'a8df79c0-8834-4c57-b714-eb6dab222a8e','2015-10-02 10:55:20','2015-10-02 10:55:20',1),(65,'a8df79c0-8834-4c57-b714-eb6dab222a8e','2015-10-02 12:34:08','2015-10-02 12:34:08',1),(66,'a8df79c0-8834-4c57-b714-eb6dab222a8e','2015-10-05 07:13:20','2015-10-05 07:13:20',1),(67,'a8df79c0-8834-4c57-b714-eb6dab222a8e','2015-10-05 08:38:45','2015-10-05 08:38:45',1),(68,'a8df79c0-8834-4c57-b714-eb6dab222a8e','2015-10-05 12:15:54','2015-10-05 12:15:54',1),(69,'a8df79c0-8834-4c57-b714-eb6dab222a8e','2015-10-05 12:21:26','2015-10-05 12:21:26',1),(70,'5c00f139-4bd0-48b7-ba16-6f0cf6cb2fa4','2015-10-05 12:22:34','2015-10-05 12:22:34',1),(71,'5c00f139-4bd0-48b7-ba16-6f0cf6cb2fa4','2015-10-05 12:24:15','2015-10-05 12:24:15',1),(72,'a8df79c0-8834-4c57-b714-eb6dab222a8e','2015-10-05 14:32:10','2015-10-05 14:32:10',1),(73,'a8df79c0-8834-4c57-b714-eb6dab222a8e','2015-10-05 15:44:30','2015-10-05 15:44:30',1),(74,'a8df79c0-8834-4c57-b714-eb6dab222a8e','2015-10-05 20:48:45','2015-10-05 20:48:45',1),(75,'a8df79c0-8834-4c57-b714-eb6dab222a8e','2015-10-06 07:25:18','2015-10-06 07:25:18',1);
/*!40000 ALTER TABLE `verification` ENABLE KEYS */;
UNLOCK TABLES;
/*!40103 SET TIME_ZONE=@OLD_TIME_ZONE */;

/*!40101 SET SQL_MODE=@OLD_SQL_MODE */;
/*!40014 SET FOREIGN_KEY_CHECKS=@OLD_FOREIGN_KEY_CHECKS */;
/*!40014 SET UNIQUE_CHECKS=@OLD_UNIQUE_CHECKS */;
/*!40101 SET CHARACTER_SET_CLIENT=@OLD_CHARACTER_SET_CLIENT */;
/*!40101 SET CHARACTER_SET_RESULTS=@OLD_CHARACTER_SET_RESULTS */;
/*!40101 SET COLLATION_CONNECTION=@OLD_COLLATION_CONNECTION */;
/*!40111 SET SQL_NOTES=@OLD_SQL_NOTES */;

-- Dump completed on 2015-10-06  8:12:35
